{"type":"FeatureCollection","features":[{"type":"Feature","geometry":{"type":"Point","coordinates":[18.775833,59.6710501]},"properties":{"kind":"rock","waterLevel":"awash","name":null}},{"type":"Feature","geometry":{"type":"Point","coordinates":[18.7750523,59.6713168]},"properties":{"kind":"rock","waterLevel":"submerged","name":null}},{"type":"Feature","geometry":{"type":"Point","coordinates":[18.5579573,59.4216141]},"properties":{"kind":"rock","waterLevel":"awash","name":null}},{"type":"Feature","geometry":{"type":"Point","coordinates":[18.5527483,59.421655]},"properties":{"kind":"rock","waterLevel":"submerged","name":null}},{"type":"Feature","geometry":{"type":"Point","coordinates":[18.5533331,59.4201269]},"properties":{"kind":"rock","waterLevel":"awash","name":null}},{"type":"Feature","geometry":{"type":"Point","coordinates":[18.6010844,59.4115196]},"properties":{"kind":"rock","waterLevel":"submerged","name":null}},{"type":"Feature","geometry":{"type":"Point","coordinates":[18.5955617,59.4088866]},"properties":{"kind":"rock","waterLevel":"awash","name":null}},{"type":"Feature","geometry":{"type":"Point","coordinates":[18.5925389,59.4123685]},"properties":{"kind":"rock","waterLevel":"awash","name":null}},{"type":"Feature","geometry":{"type":"Point","coordinates":[18.5959614,59.4026603]},"properties":{"kind":"rock","waterLevel":"awash","name":null}},{"type":"Feature","geometry":{"type":"Point","coordinates":[18.6155602,59.4088267]},"properties":{"kind":"rock","waterLevel":"submerged","name":null}},{"type":"Feature","geometry":{"type":"Point","coordinates":[18.6318884,59.4343159]},"properties":{"kind":"rock","waterLevel":"submerged","name":null}},{"type":"Feature","geometry":{"type":"Point","coordinates":[18.624403,59.435482]},"properties":{"kind":"rock","waterLevel":"awash","name":null}},{"type":"Feature","geometry":{"type":"Point","coordinates":[18.6287221,59.4355713]},"properties":{"kind":"rock","waterLevel":"awash","name":null}},{"type":"Feature","geometry":{"type":"Point","coordinates":[18.623174,59.4365066]},"properties":{"kind":"rock","waterLevel":"submerged","name":null}},{"type":"Feature","geometry":{"type":"Point","coordinates":[18.6276701,59.436661]},"properties":{"kind":"rock","waterLevel":"awash","name":null}},{"type":"Feature","geometry":{"type":"Point","coordinates":[18.6296529,59.4371646]},"properties":{"kind":"rock","waterLevel":"awash","name":null}},{"type":"Feature","geometry":{"type":"Point","coordinates":[18.4249491,58.9655851]},"properties":{"kind":"rock","waterLevel":"submerged","name":null}},{"type":"Feature","geometry":{"type":"Point","coordinates":[18.42614,58.9651468]},"properties":{"kind":"rock","waterLevel":"awash","name":null}},{"type":"Feature","geometry":{"type":"Point","coordinates":[18.4255901,58.9652062]},"properties":{"kind":"rock","waterLevel":"dry","name":null}},{"type":"Feature","geometry":{"type":"Point","coordinates":[18.427446,58.9645675]},"properties":{"kind":"rock","waterLevel":"awash","name":null}},{"type":"Feature","geometry":{"type":"Point","coordinates":[18.6065157,59.4030384]},"properties":{"kind":"rock","waterLevel":"awash","name":null}},{"type":"Feature","geometry":{"type":"Point","coordinates":[18.6070577,59.4030958]},"properties":{"kind":"rock","waterLevel":"dry","name":null}},{"type":"Feature","geometry":{"type":"Point","coordinates":[19.1569187,59.7679575]},"properties":{"kind":"rock","waterLevel":"awash","name":null}},{"type":"Feature","geometry":{"type":"Point","coordinates":[19.1575785,59.7686651]},"properties":{"kind":"rock","waterLevel":"submerged","name":null}},{"type":"Feature","geometry":{"type":"Point","coordinates":[19.1787036,59.7591024]},"properties":{"kind":"rock","waterLevel":"awash","name":null}},{"type":"Feature","geometry":{"type":"Point","coordinates":[19.1849859,59.7414988]},"properties":{"kind":"rock","waterLevel":"awash","name":null}},{"type":"Feature","geometry":{"type":"Point","coordinates":[18.6242884,59.4239071]},"properties":{"kind":"rock","waterLevel":"awash","name":null}},{"type":"Feature","geometry":{"type":"Point","coordinates":[18.6356014,59.4354683]},"properties":{"kind":"rock","waterLevel":"awash","name":null}},{"type":"Feature","geometry":{"type":"Point","coordinates":[18.6219938,59.4090534]},"properties":{"kind":"rock","waterLevel":"awash","name":null}},{"type":"Feature","geometry":{"type":"Point","coordinates":[18.6225964,59.4095984]},"properties":{"kind":"rock","waterLevel":"awash","name":null}},{"type":"Feature","geometry":{"type":"Point","coordinates":[18.9483725,59.2917801]},"properties":{"kind":"rock","waterLevel":"covers","name":null}},{"type":"Feature","geometry":{"type":"Point","coordinates":[18.6107887,59.4218516]},"properties":{"kind":"rock","waterLevel":"awash","name":null}},{"type":"Feature","geometry":{"type":"Point","coordinates":[17.1200471,58.6454754]},"properties":{"kind":"rock","waterLevel":"covers","name":null}},{"type":"Feature","geometry":{"type":"Point","coordinates":[17.1208964,58.6454916]},"properties":{"kind":"rock","waterLevel":"covers","name":null}},{"type":"Feature","geometry":{"type":"Point","coordinates":[17.0634987,58.6558335]},"properties":{"kind":"rock","waterLevel":"covers","name":null}},{"type":"Feature","geometry":{"type":"Point","coordinates":[17.0632292,58.6562903]},"properties":{"kind":"rock","waterLevel":"covers","name":null}},{"type":"Feature","geometry":{"type":"Point","coordinates":[17.0588724,58.6563397]},"properties":{"kind":"rock","waterLevel":"covers","name":null}},{"type":"Feature","geometry":{"type":"Point","coordinates":[17.0642972,58.6571366]},"properties":{"kind":"rock","waterLevel":"covers","name":null}},{"type":"Feature","geometry":{"type":"Point","coordinates":[17.0640128,58.6572638]},"properties":{"kind":"rock","waterLevel":"covers","name":null}},{"type":"Feature","geometry":{"type":"Point","coordinates":[17.0667376,58.6599427]},"properties":{"kind":"rock","waterLevel":"covers","name":null}},{"type":"Feature","geometry":{"type":"Point","coordinates":[17.0659591,58.6616273]},"properties":{"kind":"rock","waterLevel":"submerged","name":null}},{"type":"Feature","geometry":{"type":"Point","coordinates":[17.0664434,58.6508735]},"properties":{"kind":"rock","waterLevel":"covers","name":null}},{"type":"Feature","geometry":{"type":"Point","coordinates":[18.7610962,59.4509779]},"properties":{"kind":"rock","waterLevel":"submerged","name":null}},{"type":"Feature","geometry":{"type":"Point","coordinates":[18.7611279,59.4512085]},"properties":{"kind":"rock","waterLevel":"submerged","name":null}},{"type":"Feature","geometry":{"type":"Point","coordinates":[18.7618138,59.4512166]},"properties":{"kind":"rock","waterLevel":"submerged","name":null}},{"type":"Feature","geometry":{"type":"Point","coordinates":[18.7597913,59.4513306]},"properties":{"kind":"rock","waterLevel":"submerged","name":null}},{"type":"Feature","geometry":{"type":"Point","coordinates":[18.7589074,59.4516277]},"properties":{"kind":"rock","waterLevel":"submerged","name":null}},{"type":"Feature","geometry":{"type":"Point","coordinates":[18.7593439,59.4517377]},"properties":{"kind":"rock","waterLevel":"awash","name":null}},{"type":"Feature","geometry":{"type":"Point","coordinates":[18.759077,59.4546755]},"properties":{"kind":"rock","waterLevel":"submerged","name":null}},{"type":"Feature","geometry":{"type":"Point","coordinates":[18.7605094,59.454884]},"properties":{"kind":"rock","waterLevel":"submerged","name":null}},{"type":"Feature","geometry":{"type":"Point","coordinates":[18.7629944,59.4591596]},"properties":{"kind":"rock","waterLevel":"submerged","name":null}},{"type":"Feature","geometry":{"type":"Point","coordinates":[18.7632044,59.4593022]},"properties":{"kind":"rock","waterLevel":"submerged","name":null}},{"type":"Feature","geometry":{"type":"Point","coordinates":[18.7618959,59.4593711]},"properties":{"kind":"rock","waterLevel":"submerged","name":null}},{"type":"Feature","geometry":{"type":"Point","coordinates":[18.7665213,59.4621654]},"properties":{"kind":"rock","waterLevel":"submerged","name":null}},{"type":"Feature","geometry":{"type":"Point","coordinates":[18.83799,59.4730179]},"properties":{"kind":"rock","waterLevel":"submerged","name":null}},{"type":"Feature","geometry":{"type":"Point","coordinates":[18.8322421,59.4761955]},"properties":{"kind":"rock","waterLevel":"submerged","name":null}},{"type":"Feature","geometry":{"type":"Point","coordinates":[18.8320862,59.4763347]},"properties":{"kind":"rock","waterLevel":"awash","name":null}},{"type":"Feature","geometry":{"type":"Point","coordinates":[18.8291834,59.4769303]},"properties":{"kind":"rock","waterLevel":"awash","name":null}},{"type":"Feature","geometry":{"type":"Point","coordinates":[18.829019,59.4769827]},"properties":{"kind":"rock","waterLevel":"awash","name":null}},{"type":"Feature","geometry":{"type":"Point","coordinates":[18.8266903,59.4790431]},"properties":{"kind":"rock","waterLevel":"submerged","name":null}},{"type":"Feature","geometry":{"type":"Point","coordinates":[18.8264444,59.4810319]},"properties":{"kind":"rock","waterLevel":"submerged","name":null}},{"type":"Feature","geometry":{"type":"Point","coordinates":[18.8278822,59.4813574]},"properties":{"kind":"rock","waterLevel":"awash","name":null}},{"type":"Feature","geometry":{"type":"Point","coordinates":[18.6790493,59.4315471]},"properties":{"kind":"rock","waterLevel":"submerged","name":null}},{"type":"Feature","geometry":{"type":"Point","coordinates":[18.7418215,59.4586121]},"properties":{"kind":"rock","waterLevel":"submerged","name":null}},{"type":"Feature","geometry":{"type":"Point","coordinates":[18.7384142,59.460109]},"properties":{"kind":"rock","waterLevel":"submerged","name":null}},{"type":"Feature","geometry":{"type":"Point","coordinates":[18.7464973,59.4655773]},"properties":{"kind":"rock","waterLevel":"awash","name":null}},{"type":"Feature","geometry":{"type":"Point","coordinates":[17.0961966,58.6479572]},"properties":{"kind":"rock","waterLevel":"submerged","name":null}},{"type":"Feature","geometry":{"type":"Point","coordinates":[17.0956437,58.6483288]},"properties":{"kind":"rock","waterLevel":"submerged","name":null}},{"type":"Feature","geometry":{"type":"Point","coordinates":[17.0930172,58.650819]},"properties":{"kind":"rock","waterLevel":"submerged","name":null}},{"type":"Feature","geometry":{"type":"Point","coordinates":[17.0901872,58.6375755]},"properties":{"kind":"rock","waterLevel":"submerged","name":null}},{"type":"Feature","geometry":{"type":"Point","coordinates":[17.0641298,58.6508672]},"properties":{"kind":"rock","waterLevel":"submerged","name":null}},{"type":"Feature","geometry":{"type":"Point","coordinates":[16.6869045,58.6054516]},"properties":{"kind":"rock","waterLevel":"submerged","name":null}},{"type":"Feature","geometry":{"type":"Point","coordinates":[16.7234706,58.6183994]},"properties":{"kind":"rock","waterLevel":"covers","name":null}},{"type":"Feature","geometry":{"type":"Point","coordinates":[20.1142412,59.979483]},"properties":{"kind":"rock","waterLevel":"covers","name":null}},{"type":"Feature","geometry":{"type":"Point","coordinates":[20.1191785,59.9818967]},"properties":{"kind":"rock","waterLevel":"covers","name":null}},{"type":"Feature","geometry":{"type":"Point","coordinates":[20.1034018,59.9821048]},"properties":{"kind":"rock","waterLevel":"covers","name":null}},{"type":"Feature","geometry":{"type":"Point","coordinates":[20.1187282,59.9821751]},"properties":{"kind":"rock","waterLevel":"covers","name":null}},{"type":"Feature","geometry":{"type":"Point","coordinates":[20.1196491,59.9824232]},"properties":{"kind":"rock","waterLevel":"covers","name":null}},{"type":"Feature","geometry":{"type":"Point","coordinates":[20.1276269,59.9825828]},"properties":{"kind":"rock","waterLevel":"covers","name":null}},{"type":"Feature","geometry":{"type":"Point","coordinates":[20.1200083,59.9826485]},"properties":{"kind":"rock","waterLevel":"covers","name":null}},{"type":"Feature","geometry":{"type":"Point","coordinates":[20.1272635,59.9826737]},"properties":{"kind":"rock","waterLevel":"covers","name":null}},{"type":"Feature","geometry":{"type":"Point","coordinates":[20.1193657,59.9827396]},"properties":{"kind":"rock","waterLevel":"covers","name":null}},{"type":"Feature","geometry":{"type":"Point","coordinates":[20.1193354,59.9830256]},"properties":{"kind":"rock","waterLevel":"covers","name":null}},{"type":"Feature","geometry":{"type":"Point","coordinates":[20.1223967,59.98308]},"properties":{"kind":"rock","waterLevel":"covers","name":null}},{"type":"Feature","geometry":{"type":"Point","coordinates":[20.1281371,59.9832961]},"properties":{"kind":"rock","waterLevel":"covers","name":null}},{"type":"Feature","geometry":{"type":"Point","coordinates":[20.1225542,59.9834666]},"properties":{"kind":"rock","waterLevel":"covers","name":null}},{"type":"Feature","geometry":{"type":"Point","coordinates":[20.1037865,59.9871836]},"properties":{"kind":"rock","waterLevel":"covers","name":null}},{"type":"Feature","geometry":{"type":"Point","coordinates":[20.1033294,59.9874296]},"properties":{"kind":"rock","waterLevel":"covers","name":null}},{"type":"Feature","geometry":{"type":"Point","coordinates":[20.1032816,59.9882504]},"properties":{"kind":"rock","waterLevel":"covers","name":null}},{"type":"Feature","geometry":{"type":"Point","coordinates":[20.1032467,59.9884137]},"properties":{"kind":"rock","waterLevel":"covers","name":null}},{"type":"Feature","geometry":{"type":"Point","coordinates":[20.113084,59.9885969]},"properties":{"kind":"rock","waterLevel":"covers","name":null}},{"type":"Feature","geometry":{"type":"Point","coordinates":[20.103756,59.9886553]},"properties":{"kind":"rock","waterLevel":"covers","name":null}},{"type":"Feature","geometry":{"type":"Point","coordinates":[20.103312,59.9887141]},"properties":{"kind":"rock","waterLevel":"covers","name":null}},{"type":"Feature","geometry":{"type":"Point","coordinates":[20.1036211,59.988934]},"properties":{"kind":"rock","waterLevel":"covers","name":null}},{"type":"Feature","geometry":{"type":"Point","coordinates":[19.9896328,59.9974899]},"properties":{"kind":"rock","waterLevel":"covers","name":null}},{"type":"Feature","geometry":{"type":"Point","coordinates":[19.9878664,59.9979621]},"properties":{"kind":"rock","waterLevel":"covers","name":null}},{"type":"Feature","geometry":{"type":"Point","coordinates":[19.9870917,60.0008392]},"properties":{"kind":"rock","waterLevel":"awash","name":null}},{"type":"Feature","geometry":{"type":"Point","coordinates":[18.6599942,59.3997451]},"properties":{"kind":"rock","waterLevel":"submerged","name":null}},{"type":"Feature","geometry":{"type":"Point","coordinates":[18.6484168,59.4022347]},"properties":{"kind":"rock","waterLevel":"awash","name":null}},{"type":"Feature","geometry":{"type":"Point","coordinates":[17.4392108,59.4418059]},"properties":{"kind":"rock","waterLevel":"submerged","name":null}},{"type":"Feature","geometry":{"type":"Point","coordinates":[18.824483,59.4745041]},"properties":{"kind":"rock","waterLevel":"awash","name":null}},{"type":"Feature","geometry":{"type":"Point","coordinates":[18.8226729,59.4827696]},"properties":{"kind":"rock","waterLevel":"awash","name":null}},{"type":"Feature","geometry":{"type":"Point","coordinates":[18.2126667,59.3353333]},"properties":{"kind":"rock","waterLevel":"submerged","name":null}},{"type":"Feature","geometry":{"type":"Point","coordinates":[19.9092578,60.089954]},"properties":{"kind":"rock","waterLevel":"covers","name":null}},{"type":"Feature","geometry":{"type":"Point","coordinates":[18.1502594,59.4395837]},"properties":{"kind":"wreck","waterLevel":null,"name":"Minsveparen HMS Aspö"}},{"type":"Feature","geometry":{"type":"Point","coordinates":[18.9261848,59.2707336]},"properties":{"kind":"rock","waterLevel":"awash","name":null}},{"type":"Feature","geometry":{"type":"Point","coordinates":[18.9242268,59.2708816]},"properties":{"kind":"rock","waterLevel":"awash","name":null}},{"type":"Feature","geometry":{"type":"Point","coordinates":[18.9266998,59.2709611]},"properties":{"kind":"rock","waterLevel":"awash","name":null}},{"type":"Feature","geometry":{"type":"Point","coordinates":[18.9307233,59.2850963]},"properties":{"kind":"rock","waterLevel":"covers","name":null}},{"type":"Feature","geometry":{"type":"Point","coordinates":[18.9299186,59.2851402]},"properties":{"kind":"rock","waterLevel":"covers","name":null}},{"type":"Feature","geometry":{"type":"Point","coordinates":[18.9292642,59.2853183]},"properties":{"kind":"rock","waterLevel":"covers","name":null}},{"type":"Feature","geometry":{"type":"Point","coordinates":[18.9286902,59.2857539]},"properties":{"kind":"rock","waterLevel":"covers","name":null}},{"type":"Feature","geometry":{"type":"Point","coordinates":[18.9315065,59.285795]},"properties":{"kind":"rock","waterLevel":"covers","name":null}},{"type":"Feature","geometry":{"type":"Point","coordinates":[18.9293447,59.2861813]},"properties":{"kind":"rock","waterLevel":"covers","name":null}},{"type":"Feature","geometry":{"type":"Point","coordinates":[18.92935,59.2870197]},"properties":{"kind":"rock","waterLevel":"covers","name":null}},{"type":"Feature","geometry":{"type":"Point","coordinates":[18.9299803,59.2873102]},"properties":{"kind":"rock","waterLevel":"covers","name":null}},{"type":"Feature","geometry":{"type":"Point","coordinates":[18.9302647,59.2873937]},"properties":{"kind":"rock","waterLevel":"covers","name":null}},{"type":"Feature","geometry":{"type":"Point","coordinates":[18.9308091,59.287454]},"properties":{"kind":"rock","waterLevel":"covers","name":null}},{"type":"Feature","geometry":{"type":"Point","coordinates":[18.9629354,59.2880286]},"properties":{"kind":"rock","waterLevel":"awash","name":null}},{"type":"Feature","geometry":{"type":"Point","coordinates":[18.3609167,59.3252028]},"properties":{"kind":"wreck","waterLevel":null,"name":"Gustavsberg 100"}},{"type":"Feature","geometry":{"type":"Point","coordinates":[18.3557694,59.3256833]},"properties":{"kind":"wreck","waterLevel":null,"name":"Gustavsberg 91"}},{"type":"Feature","geometry":{"type":"Point","coordinates":[18.4210222,59.2943806]},"properties":{"kind":"wreck","waterLevel":null,"name":"Ingarö 102"}},{"type":"Feature","geometry":{"type":"Point","coordinates":[18.4211639,59.2950861]},"properties":{"kind":"wreck","waterLevel":null,"name":"Ingarö 98"}},{"type":"Feature","geometry":{"type":"Point","coordinates":[18.4215611,59.2938444]},"properties":{"kind":"wreck","waterLevel":null,"name":"Ingarö 100"}},{"type":"Feature","geometry":{"type":"Point","coordinates":[18.4446417,59.3123]},"properties":{"kind":"wreck","waterLevel":null,"name":"Gustavsberg 70"}},{"type":"Feature","geometry":{"type":"Point","coordinates":[18.313825,59.3283333]},"properties":{"kind":"wreck","waterLevel":null,"name":"Kihlsvraket"}},{"type":"Feature","geometry":{"type":"Point","coordinates":[18.3148056,59.3273639]},"properties":{"kind":"wreck","waterLevel":null,"name":null}},{"type":"Feature","geometry":{"type":"Point","coordinates":[18.3109083,59.3299611]},"properties":{"kind":"wreck","waterLevel":null,"name":null}},{"type":"Feature","geometry":{"type":"Point","coordinates":[19.3850388,59.5241895]},"properties":{"kind":"rock","waterLevel":null,"name":null}},{"type":"Feature","geometry":{"type":"Point","coordinates":[19.4078942,59.5242231]},"properties":{"kind":"rock","waterLevel":null,"name":null}},{"type":"Feature","geometry":{"type":"Point","coordinates":[19.45166,59.5637285]},"properties":{"kind":"rock","waterLevel":null,"name":"Skrovlingen"}},{"type":"Feature","geometry":{"type":"Point","coordinates":[19.3738351,59.4328636]},"properties":{"kind":"rock","waterLevel":null,"name":null}},{"type":"Feature","geometry":{"type":"Point","coordinates":[19.3739095,59.4329052]},"properties":{"kind":"rock","waterLevel":null,"name":null}},{"type":"Feature","geometry":{"type":"Point","coordinates":[19.3749731,59.43317]},"properties":{"kind":"rock","waterLevel":null,"name":null}},{"type":"Feature","geometry":{"type":"Point","coordinates":[19.3733963,59.4332343]},"properties":{"kind":"rock","waterLevel":null,"name":null}},{"type":"Feature","geometry":{"type":"Point","coordinates":[19.3735153,59.4332456]},"properties":{"kind":"rock","waterLevel":null,"name":null}},{"type":"Feature","geometry":{"type":"Point","coordinates":[19.3753673,59.433257]},"properties":{"kind":"rock","waterLevel":null,"name":null}},{"type":"Feature","geometry":{"type":"Point","coordinates":[19.3749061,59.4332796]},"properties":{"kind":"rock","waterLevel":null,"name":null}},{"type":"Feature","geometry":{"type":"Point","coordinates":[19.375278,59.4333553]},"properties":{"kind":"rock","waterLevel":null,"name":null}},{"type":"Feature","geometry":{"type":"Point","coordinates":[19.3750698,59.4333591]},"properties":{"kind":"rock","waterLevel":null,"name":null}},{"type":"Feature","geometry":{"type":"Point","coordinates":[19.3749656,59.4333666]},"properties":{"kind":"rock","waterLevel":null,"name":null}},{"type":"Feature","geometry":{"type":"Point","coordinates":[19.3727492,59.4334839]},"properties":{"kind":"rock","waterLevel":null,"name":null}},{"type":"Feature","geometry":{"type":"Point","coordinates":[19.3468462,59.5015348]},"properties":{"kind":"rock","waterLevel":null,"name":null}},{"type":"Feature","geometry":{"type":"Point","coordinates":[19.3728385,59.4336314]},"properties":{"kind":"rock","waterLevel":null,"name":null}},{"type":"Feature","geometry":{"type":"Point","coordinates":[19.3656537,59.4339605]},"properties":{"kind":"rock","waterLevel":null,"name":null}},{"type":"Feature","geometry":{"type":"Point","coordinates":[19.3682048,59.4340361]},"properties":{"kind":"rock","waterLevel":null,"name":null}},{"type":"Feature","geometry":{"type":"Point","coordinates":[19.3752706,59.4345656]},"properties":{"kind":"rock","waterLevel":null,"name":null}},{"type":"Feature","geometry":{"type":"Point","coordinates":[19.4883497,59.4349813]},"properties":{"kind":"rock","waterLevel":null,"name":null}},{"type":"Feature","geometry":{"type":"Point","coordinates":[19.4883129,59.4350147]},"properties":{"kind":"rock","waterLevel":null,"name":null}},{"type":"Feature","geometry":{"type":"Point","coordinates":[19.368242,59.435201]},"properties":{"kind":"rock","waterLevel":null,"name":null}},{"type":"Feature","geometry":{"type":"Point","coordinates":[19.4882761,59.4353076]},"properties":{"kind":"rock","waterLevel":null,"name":null}},{"type":"Feature","geometry":{"type":"Point","coordinates":[19.3771523,59.4354355]},"properties":{"kind":"rock","waterLevel":null,"name":null}},{"type":"Feature","geometry":{"type":"Point","coordinates":[19.3768399,59.4354923]},"properties":{"kind":"rock","waterLevel":null,"name":null}},{"type":"Feature","geometry":{"type":"Point","coordinates":[19.4882024,59.4355014]},"properties":{"kind":"rock","waterLevel":null,"name":null}},{"type":"Feature","geometry":{"type":"Point","coordinates":[19.3767135,59.4355414]},"properties":{"kind":"rock","waterLevel":null,"name":null}},{"type":"Feature","geometry":{"type":"Point","coordinates":[19.3768251,59.4355717]},"properties":{"kind":"rock","waterLevel":null,"name":null}},{"type":"Feature","geometry":{"type":"Point","coordinates":[19.3765722,59.4356322]},"properties":{"kind":"rock","waterLevel":null,"name":null}},{"type":"Feature","geometry":{"type":"Point","coordinates":[19.3771523,59.4356814]},"properties":{"kind":"rock","waterLevel":null,"name":null}},{"type":"Feature","geometry":{"type":"Point","coordinates":[19.4881577,59.4357141]},"properties":{"kind":"rock","waterLevel":null,"name":null}},{"type":"Feature","geometry":{"type":"Point","coordinates":[19.4880867,59.4357207]},"properties":{"kind":"rock","waterLevel":null,"name":null}},{"type":"Feature","geometry":{"type":"Point","coordinates":[19.4878579,59.4357301]},"properties":{"kind":"rock","waterLevel":null,"name":null}},{"type":"Feature","geometry":{"type":"Point","coordinates":[19.3766689,59.4357305]},"properties":{"kind":"rock","waterLevel":null,"name":null}},{"type":"Feature","geometry":{"type":"Point","coordinates":[19.4881078,59.4357435]},"properties":{"kind":"rock","waterLevel":null,"name":null}},{"type":"Feature","geometry":{"type":"Point","coordinates":[19.4900984,59.4362679]},"properties":{"kind":"rock","waterLevel":null,"name":null}},{"type":"Feature","geometry":{"type":"Point","coordinates":[19.4876581,59.4363187]},"properties":{"kind":"rock","waterLevel":null,"name":null}},{"type":"Feature","geometry":{"type":"Point","coordinates":[19.3729947,59.4366042]},"properties":{"kind":"rock","waterLevel":null,"name":null}},{"type":"Feature","geometry":{"type":"Point","coordinates":[19.3728905,59.4375156]},"properties":{"kind":"rock","waterLevel":null,"name":null}},{"type":"Feature","geometry":{"type":"Point","coordinates":[19.368123,59.4432599]},"properties":{"kind":"rock","waterLevel":null,"name":null}},{"type":"Feature","geometry":{"type":"Point","coordinates":[19.3616337,59.4475027]},"properties":{"kind":"rock","waterLevel":null,"name":null}},{"type":"Feature","geometry":{"type":"Point","coordinates":[19.3624857,59.4475642]},"properties":{"kind":"rock","waterLevel":null,"name":null}},{"type":"Feature","geometry":{"type":"Point","coordinates":[19.3650364,59.4475669]},"properties":{"kind":"rock","waterLevel":null,"name":null}},{"type":"Feature","geometry":{"type":"Point","coordinates":[19.3600507,59.4479411]},"properties":{"kind":"rock","waterLevel":null,"name":null}},{"type":"Feature","geometry":{"type":"Point","coordinates":[19.3656202,59.4490933]},"properties":{"kind":"rock","waterLevel":null,"name":null}},{"type":"Feature","geometry":{"type":"Point","coordinates":[19.3652784,59.449759]},"properties":{"kind":"rock","waterLevel":null,"name":null}},{"type":"Feature","geometry":{"type":"Point","coordinates":[19.3641266,59.4501332]},"properties":{"kind":"rock","waterLevel":null,"name":null}},{"type":"Feature","geometry":{"type":"Point","coordinates":[19.3684729,59.4516107]},"properties":{"kind":"rock","waterLevel":null,"name":null}},{"type":"Feature","geometry":{"type":"Point","coordinates":[19.3696838,59.4972016]},"properties":{"kind":"rock","waterLevel":null,"name":null}},{"type":"Feature","geometry":{"type":"Point","coordinates":[19.3702249,59.4972494]},"properties":{"kind":"rock","waterLevel":null,"name":null}},{"type":"Feature","geometry":{"type":"Point","coordinates":[19.3694956,59.497333]},"properties":{"kind":"rock","waterLevel":null,"name":null}},{"type":"Feature","geometry":{"type":"Point","coordinates":[19.3690251,59.4979778]},"properties":{"kind":"rock","waterLevel":null,"name":null}},{"type":"Feature","geometry":{"type":"Point","coordinates":[19.355502,59.4986851]},"properties":{"kind":"rock","waterLevel":null,"name":null}},{"type":"Feature","geometry":{"type":"Point","coordinates":[19.3553368,59.4988266]},"properties":{"kind":"rock","waterLevel":null,"name":null}},{"type":"Feature","geometry":{"type":"Point","coordinates":[19.3552233,59.4989681]},"properties":{"kind":"rock","waterLevel":null,"name":null}},{"type":"Feature","geometry":{"type":"Point","coordinates":[19.3470798,59.4991487]},"properties":{"kind":"rock","waterLevel":null,"name":null}},{"type":"Feature","geometry":{"type":"Point","coordinates":[19.35512,59.4991777]},"properties":{"kind":"rock","waterLevel":null,"name":null}},{"type":"Feature","geometry":{"type":"Point","coordinates":[19.350029,59.4991784]},"properties":{"kind":"rock","waterLevel":null,"name":null}},{"type":"Feature","geometry":{"type":"Point","coordinates":[19.3549755,59.4993192]},"properties":{"kind":"rock","waterLevel":null,"name":null}},{"type":"Feature","geometry":{"type":"Point","coordinates":[19.3549136,59.4994187]},"properties":{"kind":"rock","waterLevel":null,"name":null}},{"type":"Feature","geometry":{"type":"Point","coordinates":[19.3382612,59.4996971]},"properties":{"kind":"rock","waterLevel":null,"name":null}},{"type":"Feature","geometry":{"type":"Point","coordinates":[19.33794,59.5001565]},"properties":{"kind":"rock","waterLevel":null,"name":null}},{"type":"Feature","geometry":{"type":"Point","coordinates":[19.3676371,59.5007359]},"properties":{"kind":"rock","waterLevel":null,"name":null}},{"type":"Feature","geometry":{"type":"Point","coordinates":[19.3392928,59.5017981]},"properties":{"kind":"rock","waterLevel":null,"name":null}},{"type":"Feature","geometry":{"type":"Point","coordinates":[19.3646067,59.5018952]},"properties":{"kind":"rock","waterLevel":null,"name":null}},{"type":"Feature","geometry":{"type":"Point","coordinates":[19.3671375,59.5021479]},"properties":{"kind":"rock","waterLevel":null,"name":null}},{"type":"Feature","geometry":{"type":"Point","coordinates":[19.366566,59.5022225]},"properties":{"kind":"rock","waterLevel":null,"name":null}},{"type":"Feature","geometry":{"type":"Point","coordinates":[19.3668681,59.5022349]},"properties":{"kind":"rock","waterLevel":null,"name":null}},{"type":"Feature","geometry":{"type":"Point","coordinates":[19.3402394,59.5027429]},"properties":{"kind":"rock","waterLevel":null,"name":null}},{"type":"Feature","geometry":{"type":"Point","coordinates":[19.3857087,59.5032123]},"properties":{"kind":"rock","waterLevel":null,"name":null}},{"type":"Feature","geometry":{"type":"Point","coordinates":[19.3749389,59.5038467]},"properties":{"kind":"rock","waterLevel":null,"name":null}},{"type":"Feature","geometry":{"type":"Point","coordinates":[19.3746505,59.5045299]},"properties":{"kind":"rock","waterLevel":null,"name":null}},{"type":"Feature","geometry":{"type":"Point","coordinates":[19.3754197,59.5048064]},"properties":{"kind":"rock","waterLevel":null,"name":null}},{"type":"Feature","geometry":{"type":"Point","coordinates":[19.3699703,59.5052759]},"properties":{"kind":"rock","waterLevel":null,"name":null}},{"type":"Feature","geometry":{"type":"Point","coordinates":[19.3744582,59.5068721]},"properties":{"kind":"rock","waterLevel":null,"name":null}},{"type":"Feature","geometry":{"type":"Point","coordinates":[19.3782083,59.5069534]},"properties":{"kind":"rock","waterLevel":null,"name":null}},{"type":"Feature","geometry":{"type":"Point","coordinates":[19.3637265,59.5075073]},"properties":{"kind":"rock","waterLevel":null,"name":null}},{"type":"Feature","geometry":{"type":"Point","coordinates":[19.3452401,59.5079363]},"properties":{"kind":"rock","waterLevel":null,"name":null}},{"type":"Feature","geometry":{"type":"Point","coordinates":[19.3479102,59.5103867]},"properties":{"kind":"rock","waterLevel":null,"name":null}},{"type":"Feature","geometry":{"type":"Point","coordinates":[19.3705156,59.5109868]},"properties":{"kind":"rock","waterLevel":null,"name":null}},{"type":"Feature","geometry":{"type":"Point","coordinates":[19.3489323,59.5110101]},"properties":{"kind":"rock","waterLevel":null,"name":null}},{"type":"Feature","geometry":{"type":"Point","coordinates":[19.3484264,59.5112039]},"properties":{"kind":"rock","waterLevel":null,"name":null}},{"type":"Feature","geometry":{"type":"Point","coordinates":[19.347807,59.5113139]},"properties":{"kind":"rock","waterLevel":null,"name":null}},{"type":"Feature","geometry":{"type":"Point","coordinates":[19.3603853,59.5115214]},"properties":{"kind":"rock","waterLevel":null,"name":null}},{"type":"Feature","geometry":{"type":"Point","coordinates":[19.3459693,59.5116805]},"properties":{"kind":"rock","waterLevel":null,"name":null}},{"type":"Feature","geometry":{"type":"Point","coordinates":[19.3722465,59.5117186]},"properties":{"kind":"rock","waterLevel":null,"name":null}},{"type":"Feature","geometry":{"type":"Point","coordinates":[19.3735607,59.5118812]},"properties":{"kind":"rock","waterLevel":null,"name":null}},{"type":"Feature","geometry":{"type":"Point","coordinates":[19.3638166,59.5132798]},"properties":{"kind":"rock","waterLevel":null,"name":null}},{"type":"Feature","geometry":{"type":"Point","coordinates":[19.3665411,59.5134424]},"properties":{"kind":"rock","waterLevel":null,"name":null}},{"type":"Feature","geometry":{"type":"Point","coordinates":[19.3718298,59.5135074]},"properties":{"kind":"rock","waterLevel":null,"name":null}},{"type":"Feature","geometry":{"type":"Point","coordinates":[19.3924691,59.5136998]},"properties":{"kind":"rock","waterLevel":null,"name":null}},{"type":"Feature","geometry":{"type":"Point","coordinates":[19.3949212,59.5137771]},"properties":{"kind":"rock","waterLevel":null,"name":null}},{"type":"Feature","geometry":{"type":"Point","coordinates":[19.423854,59.5141975]},"properties":{"kind":"rock","waterLevel":null,"name":null}},{"type":"Feature","geometry":{"type":"Point","coordinates":[19.4198798,59.5143775]},"properties":{"kind":"rock","waterLevel":null,"name":null}},{"type":"Feature","geometry":{"type":"Point","coordinates":[19.4209716,59.5145437]},"properties":{"kind":"rock","waterLevel":null,"name":null}},{"type":"Feature","geometry":{"type":"Point","coordinates":[19.3747787,59.5145969]},"properties":{"kind":"rock","waterLevel":null,"name":null}},{"type":"Feature","geometry":{"type":"Point","coordinates":[19.4210043,59.5151086]},"properties":{"kind":"rock","waterLevel":null,"name":null}},{"type":"Feature","geometry":{"type":"Point","coordinates":[19.3988076,59.5153544]},"properties":{"kind":"rock","waterLevel":null,"name":null}},{"type":"Feature","geometry":{"type":"Point","coordinates":[19.3790417,59.5161254]},"properties":{"kind":"rock","waterLevel":null,"name":null}},{"type":"Feature","geometry":{"type":"Point","coordinates":[19.396668,59.5163625]},"properties":{"kind":"rock","waterLevel":null,"name":null}},{"type":"Feature","geometry":{"type":"Point","coordinates":[19.4239216,59.5165341]},"properties":{"kind":"rock","waterLevel":null,"name":null}},{"type":"Feature","geometry":{"type":"Point","coordinates":[19.3986633,59.5165821]},"properties":{"kind":"rock","waterLevel":null,"name":null}},{"type":"Feature","geometry":{"type":"Point","coordinates":[19.4237131,59.5174818]},"properties":{"kind":"rock","waterLevel":null,"name":null}},{"type":"Feature","geometry":{"type":"Point","coordinates":[19.4076092,59.5176112]},"properties":{"kind":"rock","waterLevel":null,"name":null}},{"type":"Feature","geometry":{"type":"Point","coordinates":[19.4061501,59.5179559]},"properties":{"kind":"rock","waterLevel":null,"name":null}},{"type":"Feature","geometry":{"type":"Point","coordinates":[19.3684873,59.518288]},"properties":{"kind":"rock","waterLevel":"awash","name":null}},{"type":"Feature","geometry":{"type":"Point","coordinates":[19.3915027,59.5198747]},"properties":{"kind":"rock","waterLevel":null,"name":null}},{"type":"Feature","geometry":{"type":"Point","coordinates":[19.3707564,59.5200822]},"properties":{"kind":"rock","waterLevel":null,"name":null}},{"type":"Feature","geometry":{"type":"Point","coordinates":[19.3931073,59.5204252]},"properties":{"kind":"rock","waterLevel":null,"name":null}},{"type":"Feature","geometry":{"type":"Point","coordinates":[19.398849,59.5208002]},"properties":{"kind":"rock","waterLevel":null,"name":null}},{"type":"Feature","geometry":{"type":"Point","coordinates":[19.3939253,59.5210237]},"properties":{"kind":"rock","waterLevel":null,"name":null}},{"type":"Feature","geometry":{"type":"Point","coordinates":[19.4218109,59.5214475]},"properties":{"kind":"rock","waterLevel":null,"name":null}},{"type":"Feature","geometry":{"type":"Point","coordinates":[19.3974332,59.5215981]},"properties":{"kind":"rock","waterLevel":null,"name":null}},{"type":"Feature","geometry":{"type":"Point","coordinates":[19.4217999,59.5216801]},"properties":{"kind":"rock","waterLevel":null,"name":null}},{"type":"Feature","geometry":{"type":"Point","coordinates":[19.4175637,59.5218629]},"properties":{"kind":"rock","waterLevel":null,"name":null}},{"type":"Feature","geometry":{"type":"Point","coordinates":[19.4031592,59.5218774]},"properties":{"kind":"rock","waterLevel":null,"name":null}},{"type":"Feature","geometry":{"type":"Point","coordinates":[19.3673527,59.5219102]},"properties":{"kind":"rock","waterLevel":null,"name":null}},{"type":"Feature","geometry":{"type":"Point","coordinates":[19.4215161,59.5221231]},"properties":{"kind":"rock","waterLevel":null,"name":null}},{"type":"Feature","geometry":{"type":"Point","coordinates":[19.4170833,59.5221287]},"properties":{"kind":"rock","waterLevel":null,"name":null}},{"type":"Feature","geometry":{"type":"Point","coordinates":[19.3734038,59.522497]},"properties":{"kind":"rock","waterLevel":null,"name":null}},{"type":"Feature","geometry":{"type":"Point","coordinates":[19.4044334,59.5233534]},"properties":{"kind":"rock","waterLevel":null,"name":null}},{"type":"Feature","geometry":{"type":"Point","coordinates":[19.4033008,59.5233774]},"properties":{"kind":"rock","waterLevel":null,"name":null}},{"type":"Feature","geometry":{"type":"Point","coordinates":[19.3960017,59.5236646]},"properties":{"kind":"rock","waterLevel":null,"name":null}},{"type":"Feature","geometry":{"type":"Point","coordinates":[19.394932,59.5238561]},"properties":{"kind":"rock","waterLevel":null,"name":null}},{"type":"Feature","geometry":{"type":"Point","coordinates":[19.4079099,59.5249092]},"properties":{"kind":"rock","waterLevel":null,"name":null}},{"type":"Feature","geometry":{"type":"Point","coordinates":[19.3962377,59.5250847]},"properties":{"kind":"rock","waterLevel":null,"name":null}},{"type":"Feature","geometry":{"type":"Point","coordinates":[19.3953096,59.525348]},"properties":{"kind":"rock","waterLevel":null,"name":null}},{"type":"Feature","geometry":{"type":"Point","coordinates":[19.4098762,59.5253799]},"properties":{"kind":"rock","waterLevel":null,"name":null}},{"type":"Feature","geometry":{"type":"Point","coordinates":[19.3967725,59.5259703]},"properties":{"kind":"rock","waterLevel":null,"name":null}},{"type":"Feature","geometry":{"type":"Point","coordinates":[19.4060379,59.5259942]},"properties":{"kind":"rock","waterLevel":null,"name":null}},{"type":"Feature","geometry":{"type":"Point","coordinates":[19.3963635,59.5261218]},"properties":{"kind":"rock","waterLevel":null,"name":null}},{"type":"Feature","geometry":{"type":"Point","coordinates":[19.396159,59.5261298]},"properties":{"kind":"rock","waterLevel":null,"name":null}},{"type":"Feature","geometry":{"type":"Point","coordinates":[19.3965366,59.5262016]},"properties":{"kind":"rock","waterLevel":null,"name":null}},{"type":"Feature","geometry":{"type":"Point","coordinates":[19.4094358,59.5262415]},"properties":{"kind":"rock","waterLevel":null,"name":null}},{"type":"Feature","geometry":{"type":"Point","coordinates":[19.3968355,59.5262575]},"properties":{"kind":"rock","waterLevel":null,"name":null}},{"type":"Feature","geometry":{"type":"Point","coordinates":[19.4064312,59.5263931]},"properties":{"kind":"rock","waterLevel":null,"name":null}},{"type":"Feature","geometry":{"type":"Point","coordinates":[19.4105212,59.5266244]},"properties":{"kind":"rock","waterLevel":null,"name":null}},{"type":"Feature","geometry":{"type":"Point","coordinates":[19.4057548,59.5266883]},"properties":{"kind":"rock","waterLevel":null,"name":null}},{"type":"Feature","geometry":{"type":"Point","coordinates":[19.4075953,59.5269914]},"properties":{"kind":"rock","waterLevel":null,"name":null}},{"type":"Feature","geometry":{"type":"Point","coordinates":[19.3871299,59.5272131]},"properties":{"kind":"rock","waterLevel":null,"name":null}},{"type":"Feature","geometry":{"type":"Point","coordinates":[19.4137775,59.5275099]},"properties":{"kind":"rock","waterLevel":null,"name":null}},{"type":"Feature","geometry":{"type":"Point","coordinates":[19.4081616,59.5275339]},"properties":{"kind":"rock","waterLevel":null,"name":null}},{"type":"Feature","geometry":{"type":"Point","coordinates":[19.4097189,59.5292649]},"properties":{"kind":"rock","waterLevel":null,"name":null}},{"type":"Feature","geometry":{"type":"Point","coordinates":[19.4030491,59.5294644]},"properties":{"kind":"rock","waterLevel":null,"name":null}},{"type":"Feature","geometry":{"type":"Point","coordinates":[19.4136202,59.529935]},"properties":{"kind":"rock","waterLevel":null,"name":null}},{"type":"Feature","geometry":{"type":"Point","coordinates":[19.3941927,59.5304774]},"properties":{"kind":"rock","waterLevel":null,"name":null}},{"type":"Feature","geometry":{"type":"Point","coordinates":[19.4106156,59.530605]},"properties":{"kind":"rock","waterLevel":null,"name":null}},{"type":"Feature","geometry":{"type":"Point","coordinates":[19.4108515,59.5306609]},"properties":{"kind":"rock","waterLevel":null,"name":null}},{"type":"Feature","geometry":{"type":"Point","coordinates":[19.3943972,59.5307805]},"properties":{"kind":"rock","waterLevel":null,"name":null}},{"type":"Feature","geometry":{"type":"Point","coordinates":[19.4124718,59.5310996]},"properties":{"kind":"rock","waterLevel":null,"name":null}},{"type":"Feature","geometry":{"type":"Point","coordinates":[19.4484022,59.5706984]},"properties":{"kind":"rock","waterLevel":null,"name":null}},{"type":"Feature","geometry":{"type":"Point","coordinates":[19.0617877,59.807815]},"properties":{"kind":"rock","waterLevel":"submerged","name":null}},{"type":"Feature","geometry":{"type":"Point","coordinates":[19.0596654,59.8051482]},"properties":{"kind":"rock","waterLevel":"submerged","name":null}},{"type":"Feature","geometry":{"type":"Point","coordinates":[18.9939506,59.802931]},"properties":{"kind":"wreck","waterLevel":null,"name":null}},{"type":"Feature","geometry":{"type":"Point","coordinates":[19.1334332,59.7850316]},"properties":{"kind":"rock","waterLevel":"submerged","name":null}},{"type":"Feature","geometry":{"type":"Point","coordinates":[18.5228106,59.0516779]},"properties":{"kind":"rock","waterLevel":"submerged","name":null}},{"type":"Feature","geometry":{"type":"Point","coordinates":[18.5229581,59.052053]},"properties":{"kind":"rock","waterLevel":"submerged","name":null}},{"type":"Feature","geometry":{"type":"Point","coordinates":[18.5488386,59.0845681]},"properties":{"kind":"wreck","waterLevel":null,"name":null}},{"type":"Feature","geometry":{"type":"Point","coordinates":[19.3552894,59.4174394]},"properties":{"kind":"rock","waterLevel":null,"name":null}},{"type":"Feature","geometry":{"type":"Point","coordinates":[19.3563408,59.417625]},"properties":{"kind":"rock","waterLevel":null,"name":null}},{"type":"Feature","geometry":{"type":"Point","coordinates":[19.3511266,59.4127774]},"properties":{"kind":"rock","waterLevel":null,"name":null}},{"type":"Feature","geometry":{"type":"Point","coordinates":[19.3534226,59.4130176]},"properties":{"kind":"rock","waterLevel":null,"name":null}},{"type":"Feature","geometry":{"type":"Point","coordinates":[19.3535299,59.413094]},"properties":{"kind":"rock","waterLevel":null,"name":null}},{"type":"Feature","geometry":{"type":"Point","coordinates":[19.3416155,59.4076752]},"properties":{"kind":"rock","waterLevel":null,"name":null}},{"type":"Feature","geometry":{"type":"Point","coordinates":[19.339915,59.4074405]},"properties":{"kind":"rock","waterLevel":null,"name":null}},{"type":"Feature","geometry":{"type":"Point","coordinates":[19.3398881,59.4075032]},"properties":{"kind":"rock","waterLevel":null,"name":null}},{"type":"Feature","geometry":{"type":"Point","coordinates":[19.3392176,59.4077162]},"properties":{"kind":"rock","waterLevel":null,"name":null}},{"type":"Feature","geometry":{"type":"Point","coordinates":[19.3396736,59.4091331]},"properties":{"kind":"rock","waterLevel":null,"name":null}},{"type":"Feature","geometry":{"type":"Point","coordinates":[19.3400384,59.4106182]},"properties":{"kind":"rock","waterLevel":null,"name":null}},{"type":"Feature","geometry":{"type":"Point","coordinates":[19.341991,59.4108857]},"properties":{"kind":"rock","waterLevel":null,"name":null}},{"type":"Feature","geometry":{"type":"Point","coordinates":[19.3416048,59.4108038]},"properties":{"kind":"rock","waterLevel":null,"name":null}},{"type":"Feature","geometry":{"type":"Point","coordinates":[19.3416101,59.4108966]},"properties":{"kind":"rock","waterLevel":null,"name":null}},{"type":"Feature","geometry":{"type":"Point","coordinates":[19.3432731,59.4113497]},"properties":{"kind":"rock","waterLevel":null,"name":null}},{"type":"Feature","geometry":{"type":"Point","coordinates":[19.3433375,59.411377]},"properties":{"kind":"rock","waterLevel":null,"name":null}},{"type":"Feature","geometry":{"type":"Point","coordinates":[19.3428976,59.4100667]},"properties":{"kind":"rock","waterLevel":null,"name":null}},{"type":"Feature","geometry":{"type":"Point","coordinates":[19.3438793,59.4095535]},"properties":{"kind":"rock","waterLevel":null,"name":null}},{"type":"Feature","geometry":{"type":"Point","coordinates":[19.3442977,59.4093037]},"properties":{"kind":"rock","waterLevel":null,"name":null}},{"type":"Feature","geometry":{"type":"Point","coordinates":[19.3420735,59.4260162]},"properties":{"kind":"rock","waterLevel":null,"name":null}},{"type":"Feature","geometry":{"type":"Point","coordinates":[19.3423739,59.426229]},"properties":{"kind":"rock","waterLevel":null,"name":null}},{"type":"Feature","geometry":{"type":"Point","coordinates":[19.3435004,59.424368]},"properties":{"kind":"rock","waterLevel":null,"name":null}},{"type":"Feature","geometry":{"type":"Point","coordinates":[19.3434897,59.4243135]},"properties":{"kind":"rock","waterLevel":null,"name":null}},{"type":"Feature","geometry":{"type":"Point","coordinates":[19.3373843,59.4182329]},"properties":{"kind":"rock","waterLevel":null,"name":null}},{"type":"Feature","geometry":{"type":"Point","coordinates":[19.3380066,59.4180719]},"properties":{"kind":"rock","waterLevel":null,"name":null}},{"type":"Feature","geometry":{"type":"Point","coordinates":[19.3387147,59.4179545]},"properties":{"kind":"rock","waterLevel":null,"name":null}},{"type":"Feature","geometry":{"type":"Point","coordinates":[19.3395998,59.4182875]},"properties":{"kind":"rock","waterLevel":null,"name":null}},{"type":"Feature","geometry":{"type":"Point","coordinates":[19.3427004,59.4184267]},"properties":{"kind":"rock","waterLevel":null,"name":null}},{"type":"Feature","geometry":{"type":"Point","coordinates":[19.3426186,59.4179034]},"properties":{"kind":"rock","waterLevel":null,"name":null}},{"type":"Feature","geometry":{"type":"Point","coordinates":[19.3422029,59.4171132]},"properties":{"kind":"rock","waterLevel":null,"name":null}},{"type":"Feature","geometry":{"type":"Point","coordinates":[19.342109,59.4173971]},"properties":{"kind":"rock","waterLevel":null,"name":null}},{"type":"Feature","geometry":{"type":"Point","coordinates":[19.3417898,59.4176482]},"properties":{"kind":"rock","waterLevel":null,"name":null}},{"type":"Feature","geometry":{"type":"Point","coordinates":[19.341755,59.417715]},"properties":{"kind":"rock","waterLevel":null,"name":null}},{"type":"Feature","geometry":{"type":"Point","coordinates":[19.3405963,59.4177464]},"properties":{"kind":"rock","waterLevel":null,"name":null}},{"type":"Feature","geometry":{"type":"Point","coordinates":[19.3407357,59.4177532]},"properties":{"kind":"rock","waterLevel":null,"name":null}},{"type":"Feature","geometry":{"type":"Point","coordinates":[19.3408886,59.4174953]},"properties":{"kind":"rock","waterLevel":null,"name":null}},{"type":"Feature","geometry":{"type":"Point","coordinates":[19.3410013,59.4174749]},"properties":{"kind":"rock","waterLevel":null,"name":null}},{"type":"Feature","geometry":{"type":"Point","coordinates":[19.3409369,59.4173097]},"properties":{"kind":"rock","waterLevel":null,"name":null}},{"type":"Feature","geometry":{"type":"Point","coordinates":[19.3406821,59.4170054]},"properties":{"kind":"rock","waterLevel":null,"name":null}},{"type":"Feature","geometry":{"type":"Point","coordinates":[19.3407625,59.4170136]},"properties":{"kind":"rock","waterLevel":null,"name":null}},{"type":"Feature","geometry":{"type":"Point","coordinates":[19.3418019,59.4166704]},"properties":{"kind":"rock","waterLevel":null,"name":null}},{"type":"Feature","geometry":{"type":"Point","coordinates":[19.3418234,59.4165967]},"properties":{"kind":"rock","waterLevel":null,"name":null}},{"type":"Feature","geometry":{"type":"Point","coordinates":[19.3409543,59.4168614]},"properties":{"kind":"rock","waterLevel":null,"name":null}},{"type":"Feature","geometry":{"type":"Point","coordinates":[19.340788,59.4169106]},"properties":{"kind":"rock","waterLevel":null,"name":null}},{"type":"Feature","geometry":{"type":"Point","coordinates":[19.3405252,59.4167332]},"properties":{"kind":"rock","waterLevel":null,"name":null}},{"type":"Feature","geometry":{"type":"Point","coordinates":[19.3406754,59.4167195]},"properties":{"kind":"rock","waterLevel":null,"name":null}},{"type":"Feature","geometry":{"type":"Point","coordinates":[19.3409221,59.4164166]},"properties":{"kind":"rock","waterLevel":null,"name":null}},{"type":"Feature","geometry":{"type":"Point","coordinates":[19.3408175,59.4193191]},"properties":{"kind":"rock","waterLevel":null,"name":null}},{"type":"Feature","geometry":{"type":"Point","coordinates":[19.3404635,59.4185222]},"properties":{"kind":"rock","waterLevel":null,"name":null}},{"type":"Feature","geometry":{"type":"Point","coordinates":[19.3403455,59.4188333]},"properties":{"kind":"rock","waterLevel":null,"name":null}},{"type":"Feature","geometry":{"type":"Point","coordinates":[19.3402167,59.4189261]},"properties":{"kind":"rock","waterLevel":null,"name":null}},{"type":"Feature","geometry":{"type":"Point","coordinates":[19.3403025,59.4189807]},"properties":{"kind":"rock","waterLevel":null,"name":null}},{"type":"Feature","geometry":{"type":"Point","coordinates":[19.3408604,59.4190844]},"properties":{"kind":"rock","waterLevel":null,"name":null}},{"type":"Feature","geometry":{"type":"Point","coordinates":[19.3406888,59.4193683]},"properties":{"kind":"rock","waterLevel":null,"name":null}},{"type":"Feature","geometry":{"type":"Point","coordinates":[19.3401738,59.4195484]},"properties":{"kind":"rock","waterLevel":null,"name":null}},{"type":"Feature","geometry":{"type":"Point","coordinates":[19.3393477,59.4191663]},"properties":{"kind":"rock","waterLevel":null,"name":null}},{"type":"Feature","geometry":{"type":"Point","coordinates":[19.3403669,59.4202579]},"properties":{"kind":"rock","waterLevel":null,"name":null}},{"type":"Feature","geometry":{"type":"Point","coordinates":[19.3398841,59.4199468]},"properties":{"kind":"rock","waterLevel":null,"name":null}},{"type":"Feature","geometry":{"type":"Point","coordinates":[19.3387254,59.4202307]},"properties":{"kind":"rock","waterLevel":null,"name":null}},{"type":"Feature","geometry":{"type":"Point","coordinates":[19.3394872,59.4208993]},"properties":{"kind":"rock","waterLevel":null,"name":null}},{"type":"Feature","geometry":{"type":"Point","coordinates":[19.3387442,59.4207683]},"properties":{"kind":"rock","waterLevel":null,"name":null}},{"type":"Feature","geometry":{"type":"Point","coordinates":[19.338661,59.420872]},"properties":{"kind":"rock","waterLevel":null,"name":null}},{"type":"Feature","geometry":{"type":"Point","coordinates":[19.33872,59.4209771]},"properties":{"kind":"rock","waterLevel":null,"name":null}},{"type":"Feature","geometry":{"type":"Point","coordinates":[19.3391599,59.4211954]},"properties":{"kind":"rock","waterLevel":null,"name":null}},{"type":"Feature","geometry":{"type":"Point","coordinates":[19.3389829,59.4212213]},"properties":{"kind":"rock","waterLevel":null,"name":null}},{"type":"Feature","geometry":{"type":"Point","coordinates":[19.3391009,59.4212595]},"properties":{"kind":"rock","waterLevel":null,"name":null}},{"type":"Feature","geometry":{"type":"Point","coordinates":[19.339058,59.4213837]},"properties":{"kind":"rock","waterLevel":null,"name":null}},{"type":"Feature","geometry":{"type":"Point","coordinates":[19.3383124,59.4214628]},"properties":{"kind":"rock","waterLevel":null,"name":null}},{"type":"Feature","geometry":{"type":"Point","coordinates":[19.33872,59.421531]},"properties":{"kind":"rock","waterLevel":null,"name":null}},{"type":"Feature","geometry":{"type":"Point","coordinates":[19.3387656,59.4215924]},"properties":{"kind":"rock","waterLevel":null,"name":null}},{"type":"Feature","geometry":{"type":"Point","coordinates":[19.3387898,59.4217084]},"properties":{"kind":"rock","waterLevel":null,"name":null}},{"type":"Feature","geometry":{"type":"Point","coordinates":[19.3381414,59.4257556]},"properties":{"kind":"rock","waterLevel":null,"name":null}},{"type":"Feature","geometry":{"type":"Point","coordinates":[19.3378839,59.4258702]},"properties":{"kind":"rock","waterLevel":null,"name":null}},{"type":"Feature","geometry":{"type":"Point","coordinates":[19.3375942,59.4260284]},"properties":{"kind":"rock","waterLevel":null,"name":null}},{"type":"Feature","geometry":{"type":"Point","coordinates":[19.3375727,59.4259138]},"properties":{"kind":"rock","waterLevel":null,"name":null}},{"type":"Feature","geometry":{"type":"Point","coordinates":[19.3375298,59.4258538]},"properties":{"kind":"rock","waterLevel":null,"name":null}},{"type":"Feature","geometry":{"type":"Point","coordinates":[19.3373582,59.4257119]},"properties":{"kind":"rock","waterLevel":null,"name":null}},{"type":"Feature","geometry":{"type":"Point","coordinates":[19.3371543,59.4257829]},"properties":{"kind":"rock","waterLevel":null,"name":null}},{"type":"Feature","geometry":{"type":"Point","coordinates":[19.3371007,59.4259029]},"properties":{"kind":"rock","waterLevel":null,"name":null}},{"type":"Feature","geometry":{"type":"Point","coordinates":[19.3366071,59.4237309]},"properties":{"kind":"rock","waterLevel":null,"name":null}},{"type":"Feature","geometry":{"type":"Point","coordinates":[19.3366715,59.4238236]},"properties":{"kind":"rock","waterLevel":null,"name":null}},{"type":"Feature","geometry":{"type":"Point","coordinates":[19.3364677,59.4239546]},"properties":{"kind":"rock","waterLevel":null,"name":null}},{"type":"Feature","geometry":{"type":"Point","coordinates":[19.3368968,59.424353]},"properties":{"kind":"rock","waterLevel":null,"name":null}},{"type":"Feature","geometry":{"type":"Point","coordinates":[19.3402335,59.4243094]},"properties":{"kind":"rock","waterLevel":null,"name":null}},{"type":"Feature","geometry":{"type":"Point","coordinates":[19.3428567,59.4241497]},"properties":{"kind":"rock","waterLevel":null,"name":null}},{"type":"Feature","geometry":{"type":"Point","coordinates":[19.3428567,59.4248428]},"properties":{"kind":"rock","waterLevel":null,"name":null}},{"type":"Feature","geometry":{"type":"Point","coordinates":[19.3419876,59.4232711]},"properties":{"kind":"rock","waterLevel":null,"name":null}},{"type":"Feature","geometry":{"type":"Point","coordinates":[19.3416872,59.4232492]},"properties":{"kind":"rock","waterLevel":null,"name":null}},{"type":"Feature","geometry":{"type":"Point","coordinates":[19.3424168,59.4234402]},"properties":{"kind":"rock","waterLevel":null,"name":null}},{"type":"Feature","geometry":{"type":"Point","coordinates":[19.3427816,59.422889]},"properties":{"kind":"rock","waterLevel":null,"name":null}},{"type":"Feature","geometry":{"type":"Point","coordinates":[19.3426421,59.4229545]},"properties":{"kind":"rock","waterLevel":null,"name":null}},{"type":"Feature","geometry":{"type":"Point","coordinates":[19.342846,59.4229763]},"properties":{"kind":"rock","waterLevel":null,"name":null}},{"type":"Feature","geometry":{"type":"Point","coordinates":[19.3427816,59.4230528]},"properties":{"kind":"rock","waterLevel":null,"name":null}},{"type":"Feature","geometry":{"type":"Point","coordinates":[19.3436077,59.4233857]},"properties":{"kind":"rock","waterLevel":null,"name":null}},{"type":"Feature","geometry":{"type":"Point","coordinates":[19.3450668,59.4238168]},"properties":{"kind":"rock","waterLevel":null,"name":null}},{"type":"Feature","geometry":{"type":"Point","coordinates":[19.3453565,59.4240952]},"properties":{"kind":"rock","waterLevel":null,"name":null}},{"type":"Feature","geometry":{"type":"Point","coordinates":[19.3522176,59.4270285]},"properties":{"kind":"rock","waterLevel":null,"name":null}},{"type":"Feature","geometry":{"type":"Point","coordinates":[19.3499887,59.4262576]},"properties":{"kind":"rock","waterLevel":null,"name":null}},{"type":"Feature","geometry":{"type":"Point","coordinates":[19.3501496,59.4263722]},"properties":{"kind":"rock","waterLevel":null,"name":null}},{"type":"Feature","geometry":{"type":"Point","coordinates":[19.3500745,59.4267924]},"properties":{"kind":"rock","waterLevel":null,"name":null}},{"type":"Feature","geometry":{"type":"Point","coordinates":[19.3502676,59.4268088]},"properties":{"kind":"rock","waterLevel":null,"name":null}},{"type":"Feature","geometry":{"type":"Point","coordinates":[19.3501496,59.4270053]},"properties":{"kind":"rock","waterLevel":null,"name":null}},{"type":"Feature","geometry":{"type":"Point","coordinates":[19.3501711,59.427229]},"properties":{"kind":"rock","waterLevel":null,"name":null}},{"type":"Feature","geometry":{"type":"Point","coordinates":[19.3466627,59.4279984]},"properties":{"kind":"rock","waterLevel":null,"name":null}},{"type":"Feature","geometry":{"type":"Point","coordinates":[19.3469417,59.4280203]},"properties":{"kind":"rock","waterLevel":null,"name":null}},{"type":"Feature","geometry":{"type":"Point","coordinates":[19.3485725,59.4279057]},"properties":{"kind":"rock","waterLevel":null,"name":null}},{"type":"Feature","geometry":{"type":"Point","coordinates":[19.3485725,59.4277802]},"properties":{"kind":"rock","waterLevel":null,"name":null}},{"type":"Feature","geometry":{"type":"Point","coordinates":[19.3485617,59.4276928]},"properties":{"kind":"rock","waterLevel":null,"name":null}},{"type":"Feature","geometry":{"type":"Point","coordinates":[19.3487978,59.4276601]},"properties":{"kind":"rock","waterLevel":null,"name":null}},{"type":"Feature","geometry":{"type":"Point","coordinates":[19.3485939,59.4276274]},"properties":{"kind":"rock","waterLevel":null,"name":null}},{"type":"Feature","geometry":{"type":"Point","coordinates":[19.3487763,59.4275564]},"properties":{"kind":"rock","waterLevel":null,"name":null}},{"type":"Feature","geometry":{"type":"Point","coordinates":[19.3484974,59.427551]},"properties":{"kind":"rock","waterLevel":null,"name":null}},{"type":"Feature","geometry":{"type":"Point","coordinates":[19.3482399,59.4274364]},"properties":{"kind":"rock","waterLevel":null,"name":null}},{"type":"Feature","geometry":{"type":"Point","coordinates":[19.3583035,59.4258483]},"properties":{"kind":"rock","waterLevel":null,"name":null}},{"type":"Feature","geometry":{"type":"Point","coordinates":[19.3585181,59.4257774]},"properties":{"kind":"rock","waterLevel":null,"name":null}},{"type":"Feature","geometry":{"type":"Point","coordinates":[19.3588185,59.4264432]},"properties":{"kind":"rock","waterLevel":null,"name":null}},{"type":"Feature","geometry":{"type":"Point","coordinates":[19.3550205,59.426143]},"properties":{"kind":"rock","waterLevel":null,"name":null}},{"type":"Feature","geometry":{"type":"Point","coordinates":[19.3568551,59.4275237]},"properties":{"kind":"rock","waterLevel":null,"name":null}},{"type":"Feature","geometry":{"type":"Point","coordinates":[19.3588292,59.4274309]},"properties":{"kind":"rock","waterLevel":null,"name":null}},{"type":"Feature","geometry":{"type":"Point","coordinates":[19.3579226,59.4284132]},"properties":{"kind":"rock","waterLevel":null,"name":null}},{"type":"Feature","geometry":{"type":"Point","coordinates":[19.357987,59.4284568]},"properties":{"kind":"rock","waterLevel":null,"name":null}},{"type":"Feature","geometry":{"type":"Point","coordinates":[19.3580943,59.4285168]},"properties":{"kind":"rock","waterLevel":null,"name":null}},{"type":"Feature","geometry":{"type":"Point","coordinates":[19.3574881,59.4286314]},"properties":{"kind":"rock","waterLevel":null,"name":null}},{"type":"Feature","geometry":{"type":"Point","coordinates":[19.3571126,59.4283886]},"properties":{"kind":"rock","waterLevel":null,"name":null}},{"type":"Feature","geometry":{"type":"Point","coordinates":[19.3565654,59.4282413]},"properties":{"kind":"rock","waterLevel":null,"name":null}},{"type":"Feature","geometry":{"type":"Point","coordinates":[19.3564045,59.4282468]},"properties":{"kind":"rock","waterLevel":null,"name":null}},{"type":"Feature","geometry":{"type":"Point","coordinates":[19.3560719,59.4278866]},"properties":{"kind":"rock","waterLevel":null,"name":null}},{"type":"Feature","geometry":{"type":"Point","coordinates":[19.3558144,59.4278729]},"properties":{"kind":"rock","waterLevel":null,"name":null}},{"type":"Feature","geometry":{"type":"Point","coordinates":[19.354881,59.4273163]},"properties":{"kind":"rock","waterLevel":null,"name":null}},{"type":"Feature","geometry":{"type":"Point","coordinates":[19.3538189,59.4276874]},"properties":{"kind":"rock","waterLevel":null,"name":null}},{"type":"Feature","geometry":{"type":"Point","coordinates":[19.3543446,59.4273491]},"properties":{"kind":"rock","waterLevel":null,"name":null}},{"type":"Feature","geometry":{"type":"Point","coordinates":[19.3539154,59.4272727]},"properties":{"kind":"rock","waterLevel":null,"name":null}},{"type":"Feature","geometry":{"type":"Point","coordinates":[19.3532502,59.4242984]},"properties":{"kind":"rock","waterLevel":null,"name":null}},{"type":"Feature","geometry":{"type":"Point","coordinates":[19.3520218,59.424907]},"properties":{"kind":"rock","waterLevel":null,"name":null}},{"type":"Feature","geometry":{"type":"Point","coordinates":[19.3473762,59.4247323]},"properties":{"kind":"rock","waterLevel":null,"name":null}},{"type":"Feature","geometry":{"type":"Point","coordinates":[19.3469792,59.4259629]},"properties":{"kind":"rock","waterLevel":null,"name":null}},{"type":"Feature","geometry":{"type":"Point","coordinates":[19.3464857,59.4266369]},"properties":{"kind":"rock","waterLevel":null,"name":null}},{"type":"Feature","geometry":{"type":"Point","coordinates":[19.3482399,59.4250407]},"properties":{"kind":"rock","waterLevel":null,"name":null}},{"type":"Feature","geometry":{"type":"Point","coordinates":[19.3486261,59.4249124]},"properties":{"kind":"rock","waterLevel":null,"name":null}},{"type":"Feature","geometry":{"type":"Point","coordinates":[19.3493959,59.4208164]},"properties":{"kind":"rock","waterLevel":null,"name":null}},{"type":"Feature","geometry":{"type":"Point","coordinates":[19.3494013,59.420699]},"properties":{"kind":"rock","waterLevel":null,"name":null}},{"type":"Feature","geometry":{"type":"Point","coordinates":[19.3505063,59.4202351]},"properties":{"kind":"rock","waterLevel":null,"name":null}},{"type":"Feature","geometry":{"type":"Point","coordinates":[19.3500182,59.4198967]},"properties":{"kind":"rock","waterLevel":null,"name":null}},{"type":"Feature","geometry":{"type":"Point","coordinates":[19.3500986,59.419793]},"properties":{"kind":"rock","waterLevel":null,"name":null}},{"type":"Feature","geometry":{"type":"Point","coordinates":[19.3464455,59.4206854]},"properties":{"kind":"rock","waterLevel":null,"name":null}},{"type":"Feature","geometry":{"type":"Point","coordinates":[19.3464938,59.4203879]},"properties":{"kind":"rock","waterLevel":null,"name":null}},{"type":"Feature","geometry":{"type":"Point","coordinates":[19.3465742,59.4203279]},"properties":{"kind":"rock","waterLevel":null,"name":null}},{"type":"Feature","geometry":{"type":"Point","coordinates":[19.3474057,59.4203606]},"properties":{"kind":"rock","waterLevel":null,"name":null}},{"type":"Feature","geometry":{"type":"Point","coordinates":[19.3472287,59.4201259]},"properties":{"kind":"rock","waterLevel":null,"name":null}},{"type":"Feature","geometry":{"type":"Point","coordinates":[19.3486985,59.4199131]},"properties":{"kind":"rock","waterLevel":null,"name":null}},{"type":"Feature","geometry":{"type":"Point","coordinates":[19.3478295,59.4190943]},"properties":{"kind":"rock","waterLevel":null,"name":null}},{"type":"Feature","geometry":{"type":"Point","coordinates":[19.3462872,59.4186713]},"properties":{"kind":"rock","waterLevel":null,"name":null}},{"type":"Feature","geometry":{"type":"Point","coordinates":[19.3470785,59.4194491]},"properties":{"kind":"rock","waterLevel":null,"name":null}},{"type":"Feature","geometry":{"type":"Point","coordinates":[19.3470463,59.4195187]},"properties":{"kind":"rock","waterLevel":null,"name":null}},{"type":"Feature","geometry":{"type":"Point","coordinates":[19.3468559,59.4195501]},"properties":{"kind":"rock","waterLevel":null,"name":null}},{"type":"Feature","geometry":{"type":"Point","coordinates":[19.3462443,59.4194396]},"properties":{"kind":"rock","waterLevel":null,"name":null}},{"type":"Feature","geometry":{"type":"Point","coordinates":[19.3458232,59.4197479]},"properties":{"kind":"rock","waterLevel":null,"name":null}},{"type":"Feature","geometry":{"type":"Point","coordinates":[19.3430337,59.4196156]},"properties":{"kind":"rock","waterLevel":null,"name":null}},{"type":"Feature","geometry":{"type":"Point","coordinates":[19.3451875,59.4199062]},"properties":{"kind":"rock","waterLevel":null,"name":null}},{"type":"Feature","geometry":{"type":"Point","coordinates":[19.345209,59.4198339]},"properties":{"kind":"rock","waterLevel":null,"name":null}},{"type":"Feature","geometry":{"type":"Point","coordinates":[19.3459573,59.4205639]},"properties":{"kind":"rock","waterLevel":null,"name":null}},{"type":"Feature","geometry":{"type":"Point","coordinates":[19.3452009,59.4208819]},"properties":{"kind":"rock","waterLevel":null,"name":null}},{"type":"Feature","geometry":{"type":"Point","coordinates":[19.3452358,59.4208314]},"properties":{"kind":"rock","waterLevel":null,"name":null}},{"type":"Feature","geometry":{"type":"Point","coordinates":[19.345276,59.4205312]},"properties":{"kind":"rock","waterLevel":null,"name":null}},{"type":"Feature","geometry":{"type":"Point","coordinates":[19.343774,59.4202187]},"properties":{"kind":"rock","waterLevel":null,"name":null}},{"type":"Feature","geometry":{"type":"Point","coordinates":[19.4656493,59.5951534]},"properties":{"kind":"rock","waterLevel":null,"name":null}},{"type":"Feature","geometry":{"type":"Point","coordinates":[19.4652308,59.5949212]},"properties":{"kind":"rock","waterLevel":null,"name":null}},{"type":"Feature","geometry":{"type":"Point","coordinates":[19.5632106,59.6192747]},"properties":{"kind":"rock","waterLevel":null,"name":null}},{"type":"Feature","geometry":{"type":"Point","coordinates":[19.5632374,59.6192014]},"properties":{"kind":"rock","waterLevel":null,"name":null}},{"type":"Feature","geometry":{"type":"Point","coordinates":[19.5625789,59.6258368]},"properties":{"kind":"rock","waterLevel":null,"name":null}},{"type":"Feature","geometry":{"type":"Point","coordinates":[19.604754,59.6191804]},"properties":{"kind":"rock","waterLevel":null,"name":null}},{"type":"Feature","geometry":{"type":"Point","coordinates":[19.612814,59.6209031]},"properties":{"kind":"rock","waterLevel":null,"name":null}},{"type":"Feature","geometry":{"type":"Point","coordinates":[19.6128355,59.620819]},"properties":{"kind":"rock","waterLevel":null,"name":null}},{"type":"Feature","geometry":{"type":"Point","coordinates":[18.2210169,59.313398]},"properties":{"kind":"rock","waterLevel":"submerged","name":null}},{"type":"Feature","geometry":{"type":"Point","coordinates":[18.2759285,59.2998952]},"properties":{"kind":"rock","waterLevel":"awash","name":null}},{"type":"Feature","geometry":{"type":"Point","coordinates":[18.402221,59.2380456]},"properties":{"kind":"rock","waterLevel":"submerged","name":null}},{"type":"Feature","geometry":{"type":"Point","coordinates":[18.4016031,59.2378419]},"properties":{"kind":"rock","waterLevel":"awash","name":null}},{"type":"Feature","geometry":{"type":"Point","coordinates":[18.4009932,59.2379292]},"properties":{"kind":"rock","waterLevel":"awash","name":null}},{"type":"Feature","geometry":{"type":"Point","coordinates":[18.4025625,59.2328759]},"properties":{"kind":"rock","waterLevel":"submerged","name":null}},{"type":"Feature","geometry":{"type":"Point","coordinates":[19.0286649,59.7676575]},"properties":{"kind":"rock","waterLevel":"awash","name":null}},{"type":"Feature","geometry":{"type":"Point","coordinates":[18.9960123,59.7798355]},"properties":{"kind":"rock","waterLevel":"awash","name":null}},{"type":"Feature","geometry":{"type":"Point","coordinates":[19.1485028,59.8133779]},"properties":{"kind":"wreck","waterLevel":null,"name":null}},{"type":"Feature","geometry":{"type":"Point","coordinates":[19.1191823,59.8196117]},"properties":{"kind":"rock","waterLevel":"submerged","name":null}},{"type":"Feature","geometry":{"type":"Point","coordinates":[18.9279253,59.2925222]},"properties":{"kind":"rock","waterLevel":"awash","name":null}},{"type":"Feature","geometry":{"type":"Point","coordinates":[19.0185896,59.7694897]},"properties":{"kind":"rock","waterLevel":"awash","name":null}},{"type":"Feature","geometry":{"type":"Point","coordinates":[19.0192553,59.7698494]},"properties":{"kind":"rock","waterLevel":"awash","name":null}},{"type":"Feature","geometry":{"type":"Point","coordinates":[19.0841957,59.7527541]},"properties":{"kind":"rock","waterLevel":"submerged","name":null}},{"type":"Feature","geometry":{"type":"Point","coordinates":[18.9999807,59.8089159]},"properties":{"kind":"rock","waterLevel":"awash","name":"Ländmans grund"}},{"type":"Feature","geometry":{"type":"Point","coordinates":[18.4829472,59.4398556]},"properties":{"kind":"wreck","waterLevel":null,"name":"Värmdö 286"}},{"type":"Feature","geometry":{"type":"Point","coordinates":[18.4261139,59.439025]},"properties":{"kind":"wreck","waterLevel":null,"name":"Värmdö 275"}},{"type":"Feature","geometry":{"type":"Point","coordinates":[17.9092856,58.8516678]},"properties":{"kind":"rock","waterLevel":"awash","name":null}},{"type":"Feature","geometry":{"type":"Point","coordinates":[17.9141976,58.8530092]},"properties":{"kind":"rock","waterLevel":"submerged","name":null}},{"type":"Feature","geometry":{"type":"Point","coordinates":[18.4345862,59.2933669]},"properties":{"kind":"rock","waterLevel":"submerged","name":null}},{"type":"Feature","geometry":{"type":"Point","coordinates":[18.8118204,59.6391338]},"properties":{"kind":"rock","waterLevel":"submerged","name":null}},{"type":"Feature","geometry":{"type":"Point","coordinates":[18.8114915,59.6377355]},"properties":{"kind":"rock","waterLevel":"covers","name":null}},{"type":"Feature","geometry":{"type":"Point","coordinates":[18.8070814,59.6379994]},"properties":{"kind":"rock","waterLevel":"awash","name":null}},{"type":"Feature","geometry":{"type":"Point","coordinates":[18.8112449,59.6382842]},"properties":{"kind":"rock","waterLevel":"submerged","name":null}},{"type":"Feature","geometry":{"type":"Point","coordinates":[19.0770868,59.7728659]},"properties":{"kind":"wreck","waterLevel":null,"name":"Sydostbrotten"}},{"type":"Feature","geometry":{"type":"Point","coordinates":[19.1445996,59.8228418]},"properties":{"kind":"rock","waterLevel":"covers","name":null}},{"type":"Feature","geometry":{"type":"Point","coordinates":[19.4022187,59.7520069]},"properties":{"kind":"rock","waterLevel":"covers","name":null}},{"type":"Feature","geometry":{"type":"Point","coordinates":[19.9557548,59.9600519]},"properties":{"kind":"rock","waterLevel":"awash","name":null}},{"type":"Feature","geometry":{"type":"Point","coordinates":[19.4023216,59.7523451]},"properties":{"kind":"rock","waterLevel":"covers","name":null}},{"type":"Feature","geometry":{"type":"Point","coordinates":[19.1443359,59.8231959]},"properties":{"kind":"rock","waterLevel":"covers","name":null}},{"type":"Feature","geometry":{"type":"Point","coordinates":[19.155871,59.8093837]},"properties":{"kind":"rock","waterLevel":"awash","name":null}},{"type":"Feature","geometry":{"type":"Point","coordinates":[19.1539386,59.8246833]},"properties":{"kind":"rock","waterLevel":"covers","name":null}},{"type":"Feature","geometry":{"type":"Point","coordinates":[19.2736438,59.7856287]},"properties":{"kind":"rock","waterLevel":"awash","name":null}},{"type":"Feature","geometry":{"type":"Point","coordinates":[19.2734133,59.7861677]},"properties":{"kind":"rock","waterLevel":"awash","name":null}},{"type":"Feature","geometry":{"type":"Point","coordinates":[19.1534285,59.8273086]},"properties":{"kind":"rock","waterLevel":"awash","name":null}},{"type":"Feature","geometry":{"type":"Point","coordinates":[19.1520646,59.8272718]},"properties":{"kind":"rock","waterLevel":"covers","name":null}},{"type":"Feature","geometry":{"type":"Point","coordinates":[19.2757886,59.7864964]},"properties":{"kind":"rock","waterLevel":"awash","name":null}},{"type":"Feature","geometry":{"type":"Point","coordinates":[19.274621,59.7850366]},"properties":{"kind":"rock","waterLevel":"submerged","name":null}},{"type":"Feature","geometry":{"type":"Point","coordinates":[19.11671,59.8184846]},"properties":{"kind":"rock","waterLevel":"submerged","name":null}},{"type":"Feature","geometry":{"type":"Point","coordinates":[19.2724502,59.7859458]},"properties":{"kind":"rock","waterLevel":"awash","name":null}},{"type":"Feature","geometry":{"type":"Point","coordinates":[19.1511731,59.827156]},"properties":{"kind":"rock","waterLevel":"awash","name":null}},{"type":"Feature","geometry":{"type":"Point","coordinates":[19.1545001,59.8245479]},"properties":{"kind":"rock","waterLevel":"submerged","name":null}},{"type":"Feature","geometry":{"type":"Point","coordinates":[19.2753001,59.7869795]},"properties":{"kind":"rock","waterLevel":"awash","name":null}},{"type":"Feature","geometry":{"type":"Point","coordinates":[19.2749488,59.7836226]},"properties":{"kind":"rock","waterLevel":"submerged","name":null}},{"type":"Feature","geometry":{"type":"Point","coordinates":[19.1507625,59.8271311]},"properties":{"kind":"rock","waterLevel":"covers","name":null}},{"type":"Feature","geometry":{"type":"Point","coordinates":[19.2452136,59.6020991]},"properties":{"kind":"rock","waterLevel":"covers","name":null}},{"type":"Feature","geometry":{"type":"Point","coordinates":[19.2463478,59.6028203]},"properties":{"kind":"rock","waterLevel":"awash","name":null}},{"type":"Feature","geometry":{"type":"Point","coordinates":[18.7979005,59.3917317]},"properties":{"kind":"rock","waterLevel":"awash","name":null}},{"type":"Feature","geometry":{"type":"Point","coordinates":[18.7990829,59.389098]},"properties":{"kind":"rock","waterLevel":"awash","name":null}},{"type":"Feature","geometry":{"type":"Point","coordinates":[18.7252768,59.2711659]},"properties":{"kind":"rock","waterLevel":"awash","name":null}},{"type":"Feature","geometry":{"type":"Point","coordinates":[18.5235071,59.0508483]},"properties":{"kind":"rock","waterLevel":"submerged","name":null}},{"type":"Feature","geometry":{"type":"Point","coordinates":[18.5241909,59.051214]},"properties":{"kind":"rock","waterLevel":"submerged","name":null}},{"type":"Feature","geometry":{"type":"Point","coordinates":[18.3120352,58.9666812]},"properties":{"kind":"rock","waterLevel":"awash","name":null}},{"type":"Feature","geometry":{"type":"Point","coordinates":[18.3265735,58.9733725]},"properties":{"kind":"rock","waterLevel":"covers","name":null}},{"type":"Feature","geometry":{"type":"Point","coordinates":[18.313461,58.9671921]},"properties":{"kind":"rock","waterLevel":"covers","name":null}},{"type":"Feature","geometry":{"type":"Point","coordinates":[18.1968318,58.9277724]},"properties":{"kind":"rock","waterLevel":"covers","name":null}},{"type":"Feature","geometry":{"type":"Point","coordinates":[18.2059634,58.9321852]},"properties":{"kind":"rock","waterLevel":"covers","name":null}},{"type":"Feature","geometry":{"type":"Point","coordinates":[18.9617842,59.3242625]},"properties":{"kind":"rock","waterLevel":"covers","name":"Karbasen"}},{"type":"Feature","geometry":{"type":"Point","coordinates":[18.9635503,59.3236307]},"properties":{"kind":"rock","waterLevel":"covers","name":null}},{"type":"Feature","geometry":{"type":"Point","coordinates":[18.0379646,59.322443]},"properties":{"kind":"rock","waterLevel":"awash","name":null}},{"type":"Feature","geometry":{"type":"Point","coordinates":[19.2756907,59.8026305]},"properties":{"kind":"rock","waterLevel":"awash","name":"Stränggryndkuvarna"}},{"type":"Feature","geometry":{"type":"Point","coordinates":[19.0189811,59.7867688]},"properties":{"kind":"rock","waterLevel":"submerged","name":null}},{"type":"Feature","geometry":{"type":"Point","coordinates":[19.0243852,59.7842731]},"properties":{"kind":"rock","waterLevel":"submerged","name":null}},{"type":"Feature","geometry":{"type":"Point","coordinates":[19.0161646,59.7859115]},"properties":{"kind":"rock","waterLevel":"submerged","name":null}},{"type":"Feature","geometry":{"type":"Point","coordinates":[19.1721749,59.7457296]},"properties":{"kind":"rock","waterLevel":"covers","name":null}},{"type":"Feature","geometry":{"type":"Point","coordinates":[18.1918369,58.9204094]},"properties":{"kind":"rock","waterLevel":"covers","name":null}},{"type":"Feature","geometry":{"type":"Point","coordinates":[18.1944197,58.9408319]},"properties":{"kind":"rock","waterLevel":"submerged","name":null}},{"type":"Feature","geometry":{"type":"Point","coordinates":[18.1951246,58.940819]},"properties":{"kind":"rock","waterLevel":"submerged","name":null}},{"type":"Feature","geometry":{"type":"Point","coordinates":[18.1954941,58.940837]},"properties":{"kind":"rock","waterLevel":"submerged","name":null}},{"type":"Feature","geometry":{"type":"Point","coordinates":[19.0405075,59.8202666]},"properties":{"kind":"rock","waterLevel":"awash","name":null}},{"type":"Feature","geometry":{"type":"Point","coordinates":[19.0405969,59.820319]},"properties":{"kind":"rock","waterLevel":"covers","name":null}},{"type":"Feature","geometry":{"type":"Point","coordinates":[19.0387687,59.8213267]},"properties":{"kind":"rock","waterLevel":"awash","name":null}},{"type":"Feature","geometry":{"type":"Point","coordinates":[18.4553092,59.3113971]},"properties":{"kind":"wreck","waterLevel":null,"name":null}},{"type":"Feature","geometry":{"type":"Point","coordinates":[18.4550116,59.3110634]},"properties":{"kind":"wreck","waterLevel":null,"name":null}},{"type":"Feature","geometry":{"type":"Point","coordinates":[18.4323018,59.308132]},"properties":{"kind":"wreck","waterLevel":null,"name":null}},{"type":"Feature","geometry":{"type":"Point","coordinates":[18.4567143,59.3115575]},"properties":{"kind":"wreck","waterLevel":null,"name":null}},{"type":"Feature","geometry":{"type":"Point","coordinates":[18.4446418,59.3123007]},"properties":{"kind":"wreck","waterLevel":null,"name":null}},{"type":"Feature","geometry":{"type":"Point","coordinates":[18.4327374,59.3018199]},"properties":{"kind":"wreck","waterLevel":null,"name":null}},{"type":"Feature","geometry":{"type":"Point","coordinates":[18.4337994,59.303985]},"properties":{"kind":"wreck","waterLevel":null,"name":null}},{"type":"Feature","geometry":{"type":"Point","coordinates":[18.4331859,59.3085311]},"properties":{"kind":"wreck","waterLevel":null,"name":null}},{"type":"Feature","geometry":{"type":"Point","coordinates":[18.4305481,59.3018956]},"properties":{"kind":"wreck","waterLevel":null,"name":null}},{"type":"Feature","geometry":{"type":"Point","coordinates":[18.4396686,59.3084948]},"properties":{"kind":"wreck","waterLevel":null,"name":null}},{"type":"Feature","geometry":{"type":"Point","coordinates":[18.4325416,59.3077212]},"properties":{"kind":"wreck","waterLevel":null,"name":null}},{"type":"Feature","geometry":{"type":"Point","coordinates":[18.4395679,59.3085424]},"properties":{"kind":"wreck","waterLevel":null,"name":null}},{"type":"Feature","geometry":{"type":"Point","coordinates":[18.4458877,59.3088066]},"properties":{"kind":"wreck","waterLevel":null,"name":null}},{"type":"Feature","geometry":{"type":"Point","coordinates":[18.4331692,59.3076687]},"properties":{"kind":"wreck","waterLevel":null,"name":null}},{"type":"Feature","geometry":{"type":"Point","coordinates":[18.4318266,59.3063829]},"properties":{"kind":"wreck","waterLevel":null,"name":null}},{"type":"Feature","geometry":{"type":"Point","coordinates":[18.3988,59.1133]},"properties":{"kind":"wreck","waterLevel":null,"name":"Riksäpplet"}},{"type":"Feature","geometry":{"type":"Point","coordinates":[18.441667,59.397222]},"properties":{"kind":"wreck","waterLevel":null,"name":"Scepter"}},{"type":"Feature","geometry":{"type":"Point","coordinates":[18.7991921,60.1025764]},"properties":{"kind":"rock","waterLevel":"submerged","name":null}},{"type":"Feature","geometry":{"type":"Point","coordinates":[18.763089,60.1392511]},"properties":{"kind":"rock","waterLevel":"submerged","name":null}},{"type":"Feature","geometry":{"type":"Point","coordinates":[18.0897667,58.9694373]},"properties":{"kind":"rock","waterLevel":"submerged","name":null}},{"type":"Feature","geometry":{"type":"Point","coordinates":[19.156959,59.5983483]},"properties":{"kind":"rock","waterLevel":null,"name":null}},{"type":"Feature","geometry":{"type":"Point","coordinates":[19.1745543,59.6018447]},"properties":{"kind":"rock","waterLevel":null,"name":null}},{"type":"Feature","geometry":{"type":"Point","coordinates":[19.1748333,59.6019098]},"properties":{"kind":"rock","waterLevel":null,"name":null}},{"type":"Feature","geometry":{"type":"Point","coordinates":[18.0123097,59.02263]},"properties":{"kind":"wreck","waterLevel":null,"name":"Balder"}},{"type":"Feature","geometry":{"type":"Point","coordinates":[18.4073137,59.3652767]},"properties":{"kind":"obstruction","waterLevel":null,"name":null}},{"type":"Feature","geometry":{"type":"Point","coordinates":[17.7097222,58.9102778]},"properties":{"kind":"rock","waterLevel":null,"name":null}},{"type":"Feature","geometry":{"type":"Point","coordinates":[17.70825,58.9091389]},"properties":{"kind":"rock","waterLevel":null,"name":null}},{"type":"Feature","geometry":{"type":"Point","coordinates":[18.6933333,59.2150278]},"properties":{"kind":"obstruction","waterLevel":null,"name":null}},{"type":"Feature","geometry":{"type":"Point","coordinates":[18.3621667,59.4526389]},"properties":{"kind":"wreck","waterLevel":null,"name":null}},{"type":"Feature","geometry":{"type":"Point","coordinates":[17.82,59.3618333]},"properties":{"kind":"wreck","waterLevel":null,"name":null}},{"type":"Feature","geometry":{"type":"Point","coordinates":[17.8156667,59.3623333]},"properties":{"kind":"wreck","waterLevel":null,"name":null}},{"type":"Feature","geometry":{"type":"Point","coordinates":[17.8131667,59.3616667]},"properties":{"kind":"wreck","waterLevel":null,"name":null}},{"type":"Feature","geometry":{"type":"Point","coordinates":[17.7108611,58.9075278]},"properties":{"kind":"rock","waterLevel":null,"name":null}},{"type":"Feature","geometry":{"type":"Point","coordinates":[20.1550661,59.9208974]},"properties":{"kind":"rock","waterLevel":"awash","name":null}},{"type":"Feature","geometry":{"type":"Point","coordinates":[20.1549084,59.9203719]},"properties":{"kind":"rock","waterLevel":"awash","name":null}},{"type":"Feature","geometry":{"type":"Point","coordinates":[20.1563425,59.9208301]},"properties":{"kind":"rock","waterLevel":"awash","name":null}},{"type":"Feature","geometry":{"type":"Point","coordinates":[20.1560654,59.9210522]},"properties":{"kind":"rock","waterLevel":"awash","name":null}},{"type":"Feature","geometry":{"type":"Point","coordinates":[20.1561187,59.921238]},"properties":{"kind":"rock","waterLevel":"awash","name":null}},{"type":"Feature","geometry":{"type":"Point","coordinates":[20.1537535,59.920939]},"properties":{"kind":"rock","waterLevel":"submerged","name":null}},{"type":"Feature","geometry":{"type":"Point","coordinates":[20.1545163,59.9203377]},"properties":{"kind":"rock","waterLevel":"submerged","name":null}},{"type":"Feature","geometry":{"type":"Point","coordinates":[20.1545632,59.921191]},"properties":{"kind":"rock","waterLevel":"submerged","name":null}},{"type":"Feature","geometry":{"type":"Point","coordinates":[20.1557352,59.9209347]},"properties":{"kind":"rock","waterLevel":"submerged","name":null}},{"type":"Feature","geometry":{"type":"Point","coordinates":[20.1553005,59.9203153]},"properties":{"kind":"rock","waterLevel":"submerged","name":null}},{"type":"Feature","geometry":{"type":"Point","coordinates":[20.1570435,59.9202961]},"properties":{"kind":"rock","waterLevel":"submerged","name":null}},{"type":"Feature","geometry":{"type":"Point","coordinates":[20.1578767,59.9206635]},"properties":{"kind":"rock","waterLevel":"submerged","name":null}},{"type":"Feature","geometry":{"type":"Point","coordinates":[20.1583881,59.9205086]},"properties":{"kind":"rock","waterLevel":"submerged","name":null}},{"type":"Feature","geometry":{"type":"Point","coordinates":[20.1571713,59.9194641]},"properties":{"kind":"rock","waterLevel":"submerged","name":null}},{"type":"Feature","geometry":{"type":"Point","coordinates":[20.1561869,59.919556]},"properties":{"kind":"rock","waterLevel":"submerged","name":null}},{"type":"Feature","geometry":{"type":"Point","coordinates":[20.1541477,59.9193851]},"properties":{"kind":"rock","waterLevel":"submerged","name":null}},{"type":"Feature","geometry":{"type":"Point","coordinates":[20.1525645,59.9199469]},"properties":{"kind":"rock","waterLevel":"submerged","name":null}},{"type":"Feature","geometry":{"type":"Point","coordinates":[20.151433,59.9200836]},"properties":{"kind":"rock","waterLevel":"submerged","name":null}},{"type":"Feature","geometry":{"type":"Point","coordinates":[20.1520701,59.9200462]},"properties":{"kind":"rock","waterLevel":"dry","name":null}},{"type":"Feature","geometry":{"type":"Point","coordinates":[20.1517952,59.9199095]},"properties":{"kind":"rock","waterLevel":"awash","name":null}},{"type":"Feature","geometry":{"type":"Point","coordinates":[20.1521255,59.9198059]},"properties":{"kind":"rock","waterLevel":"awash","name":null}},{"type":"Feature","geometry":{"type":"Point","coordinates":[20.1502333,59.9199533]},"properties":{"kind":"rock","waterLevel":"submerged","name":null}},{"type":"Feature","geometry":{"type":"Point","coordinates":[20.1493213,59.919179]},"properties":{"kind":"rock","waterLevel":"submerged","name":null}},{"type":"Feature","geometry":{"type":"Point","coordinates":[20.1502355,59.9207809]},"properties":{"kind":"rock","waterLevel":"dry","name":null}},{"type":"Feature","geometry":{"type":"Point","coordinates":[20.1524814,59.9206923]},"properties":{"kind":"rock","waterLevel":"dry","name":null}},{"type":"Feature","geometry":{"type":"Point","coordinates":[20.1498946,59.9238072]},"properties":{"kind":"rock","waterLevel":"submerged","name":null}},{"type":"Feature","geometry":{"type":"Point","coordinates":[20.1504251,59.9239954]},"properties":{"kind":"rock","waterLevel":"submerged","name":null}},{"type":"Feature","geometry":{"type":"Point","coordinates":[20.1502343,59.9237504]},"properties":{"kind":"rock","waterLevel":"submerged","name":null}},{"type":"Feature","geometry":{"type":"Point","coordinates":[20.151033,59.9229917]},"properties":{"kind":"rock","waterLevel":"submerged","name":null}},{"type":"Feature","geometry":{"type":"Point","coordinates":[20.1509079,59.9227856]},"properties":{"kind":"rock","waterLevel":"submerged","name":null}},{"type":"Feature","geometry":{"type":"Point","coordinates":[20.1512297,59.9227826]},"properties":{"kind":"rock","waterLevel":"submerged","name":null}},{"type":"Feature","geometry":{"type":"Point","coordinates":[20.1521,59.9224899]},"properties":{"kind":"rock","waterLevel":"submerged","name":null}},{"type":"Feature","geometry":{"type":"Point","coordinates":[20.1522371,59.9221523]},"properties":{"kind":"rock","waterLevel":"submerged","name":null}},{"type":"Feature","geometry":{"type":"Point","coordinates":[20.1540669,59.9227587]},"properties":{"kind":"rock","waterLevel":"submerged","name":null}},{"type":"Feature","geometry":{"type":"Point","coordinates":[20.1565749,59.9230588]},"properties":{"kind":"rock","waterLevel":"submerged","name":null}},{"type":"Feature","geometry":{"type":"Point","coordinates":[20.1541325,59.9218327]},"properties":{"kind":"rock","waterLevel":"submerged","name":null}},{"type":"Feature","geometry":{"type":"Point","coordinates":[20.1569995,59.9219133]},"properties":{"kind":"rock","waterLevel":"submerged","name":null}},{"type":"Feature","geometry":{"type":"Point","coordinates":[20.1561769,59.9225914]},"properties":{"kind":"rock","waterLevel":"submerged","name":null}},{"type":"Feature","geometry":{"type":"Point","coordinates":[20.1568862,59.9237056]},"properties":{"kind":"rock","waterLevel":"submerged","name":null}},{"type":"Feature","geometry":{"type":"Point","coordinates":[20.1575776,59.9237206]},"properties":{"kind":"rock","waterLevel":"submerged","name":null}},{"type":"Feature","geometry":{"type":"Point","coordinates":[20.1510271,59.9246047]},"properties":{"kind":"rock","waterLevel":"submerged","name":null}},{"type":"Feature","geometry":{"type":"Point","coordinates":[20.1580902,59.9243777]},"properties":{"kind":"rock","waterLevel":"submerged","name":null}},{"type":"Feature","geometry":{"type":"Point","coordinates":[20.1625069,59.9242762]},"properties":{"kind":"rock","waterLevel":"submerged","name":null}},{"type":"Feature","geometry":{"type":"Point","coordinates":[20.1618811,59.9241029]},"properties":{"kind":"rock","waterLevel":"submerged","name":null}},{"type":"Feature","geometry":{"type":"Point","coordinates":[20.1594075,59.9229051]},"properties":{"kind":"rock","waterLevel":"submerged","name":null}},{"type":"Feature","geometry":{"type":"Point","coordinates":[20.1608201,59.9226153]},"properties":{"kind":"rock","waterLevel":"submerged","name":null}},{"type":"Feature","geometry":{"type":"Point","coordinates":[20.159783,59.9224988]},"properties":{"kind":"rock","waterLevel":"submerged","name":null}},{"type":"Feature","geometry":{"type":"Point","coordinates":[20.1587459,59.9223674]},"properties":{"kind":"rock","waterLevel":"submerged","name":null}},{"type":"Feature","geometry":{"type":"Point","coordinates":[20.1584896,59.9219671]},"properties":{"kind":"rock","waterLevel":"submerged","name":null}},{"type":"Feature","geometry":{"type":"Point","coordinates":[20.1592823,59.9219133]},"properties":{"kind":"rock","waterLevel":"submerged","name":null}},{"type":"Feature","geometry":{"type":"Point","coordinates":[20.1602658,59.9218028]},"properties":{"kind":"rock","waterLevel":"submerged","name":null}},{"type":"Feature","geometry":{"type":"Point","coordinates":[20.1622864,59.9221613]},"properties":{"kind":"rock","waterLevel":"submerged","name":null}},{"type":"Feature","geometry":{"type":"Point","coordinates":[20.1633387,59.9222346]},"properties":{"kind":"rock","waterLevel":"submerged","name":null}},{"type":"Feature","geometry":{"type":"Point","coordinates":[20.1630314,59.921982]},"properties":{"kind":"rock","waterLevel":"submerged","name":null}},{"type":"Feature","geometry":{"type":"Point","coordinates":[20.1628433,59.921751]},"properties":{"kind":"rock","waterLevel":"submerged","name":null}},{"type":"Feature","geometry":{"type":"Point","coordinates":[20.1624837,59.9216083]},"properties":{"kind":"rock","waterLevel":"submerged","name":null}},{"type":"Feature","geometry":{"type":"Point","coordinates":[20.1528867,59.9228581]},"properties":{"kind":"rock","waterLevel":"awash","name":null}},{"type":"Feature","geometry":{"type":"Point","coordinates":[20.1527249,59.9226564]},"properties":{"kind":"rock","waterLevel":"awash","name":null}},{"type":"Feature","geometry":{"type":"Point","coordinates":[20.1527836,59.9220306]},"properties":{"kind":"rock","waterLevel":"awash","name":null}},{"type":"Feature","geometry":{"type":"Point","coordinates":[20.1534385,59.9219062]},"properties":{"kind":"rock","waterLevel":"awash","name":null}},{"type":"Feature","geometry":{"type":"Point","coordinates":[20.1565693,59.9216784]},"properties":{"kind":"rock","waterLevel":"awash","name":null}},{"type":"Feature","geometry":{"type":"Point","coordinates":[20.1578177,59.9221928]},"properties":{"kind":"rock","waterLevel":"awash","name":null}},{"type":"Feature","geometry":{"type":"Point","coordinates":[20.160086,59.9223273]},"properties":{"kind":"rock","waterLevel":"awash","name":null}},{"type":"Feature","geometry":{"type":"Point","coordinates":[20.1614966,59.9223654]},"properties":{"kind":"rock","waterLevel":"awash","name":null}},{"type":"Feature","geometry":{"type":"Point","coordinates":[20.1597549,59.9220236]},"properties":{"kind":"rock","waterLevel":"awash","name":null}},{"type":"Feature","geometry":{"type":"Point","coordinates":[20.1588476,59.922221]},"properties":{"kind":"rock","waterLevel":"awash","name":null}},{"type":"Feature","geometry":{"type":"Point","coordinates":[20.1595893,59.9218692]},"properties":{"kind":"rock","waterLevel":"awash","name":null}},{"type":"Feature","geometry":{"type":"Point","coordinates":[20.1607681,59.9218227]},"properties":{"kind":"rock","waterLevel":"dry","name":null}},{"type":"Feature","geometry":{"type":"Point","coordinates":[20.1610496,59.9218908]},"properties":{"kind":"rock","waterLevel":"dry","name":null}},{"type":"Feature","geometry":{"type":"Point","coordinates":[20.1583012,59.923474]},"properties":{"kind":"rock","waterLevel":"awash","name":null}},{"type":"Feature","geometry":{"type":"Point","coordinates":[20.1660166,59.9245527]},"properties":{"kind":"rock","waterLevel":"awash","name":null}},{"type":"Feature","geometry":{"type":"Point","coordinates":[20.1657477,59.9244039]},"properties":{"kind":"rock","waterLevel":"awash","name":null}},{"type":"Feature","geometry":{"type":"Point","coordinates":[20.166026,59.9249035]},"properties":{"kind":"rock","waterLevel":"submerged","name":null}},{"type":"Feature","geometry":{"type":"Point","coordinates":[20.1665622,59.9237078]},"properties":{"kind":"rock","waterLevel":"submerged","name":null}},{"type":"Feature","geometry":{"type":"Point","coordinates":[20.1657079,59.9232969]},"properties":{"kind":"rock","waterLevel":"submerged","name":null}},{"type":"Feature","geometry":{"type":"Point","coordinates":[20.1708207,59.9228368]},"properties":{"kind":"rock","waterLevel":"submerged","name":null}},{"type":"Feature","geometry":{"type":"Point","coordinates":[20.1722015,59.9232031]},"properties":{"kind":"rock","waterLevel":"submerged","name":null}},{"type":"Feature","geometry":{"type":"Point","coordinates":[20.1698682,59.9232992]},"properties":{"kind":"rock","waterLevel":"awash","name":null}},{"type":"Feature","geometry":{"type":"Point","coordinates":[20.1704606,59.9232063]},"properties":{"kind":"rock","waterLevel":"awash","name":null}},{"type":"Feature","geometry":{"type":"Point","coordinates":[20.1699555,59.9229564]},"properties":{"kind":"rock","waterLevel":"awash","name":null}},{"type":"Feature","geometry":{"type":"Point","coordinates":[19.0350404,59.8184018]},"properties":{"kind":"rock","waterLevel":"awash","name":null}},{"type":"Feature","geometry":{"type":"Point","coordinates":[19.0550941,59.813185]},"properties":{"kind":"rock","waterLevel":"submerged","name":null}},{"type":"Feature","geometry":{"type":"Point","coordinates":[19.049035,59.8124648]},"properties":{"kind":"rock","waterLevel":null,"name":null}},{"type":"Feature","geometry":{"type":"Point","coordinates":[18.7787786,60.1935842]},"properties":{"kind":"wreck","waterLevel":null,"name":"Kittelörvraket"}},{"type":"Feature","geometry":{"type":"Point","coordinates":[19.0010998,59.7977774]},"properties":{"kind":"rock","waterLevel":"submerged","name":null}},{"type":"Feature","geometry":{"type":"Point","coordinates":[19.0010184,59.7975061]},"properties":{"kind":"rock","waterLevel":"submerged","name":null}},{"type":"Feature","geometry":{"type":"Point","coordinates":[19.0009739,59.7972761]},"properties":{"kind":"rock","waterLevel":"awash","name":null}},{"type":"Feature","geometry":{"type":"Point","coordinates":[19.0033095,59.7962068]},"properties":{"kind":"rock","waterLevel":"submerged","name":null}},{"type":"Feature","geometry":{"type":"Point","coordinates":[19.001788,59.7969792]},"properties":{"kind":"rock","waterLevel":"submerged","name":null}},{"type":"Feature","geometry":{"type":"Point","coordinates":[19.0011639,59.7961962]},"properties":{"kind":"rock","waterLevel":"submerged","name":null}},{"type":"Feature","geometry":{"type":"Point","coordinates":[17.5688333,58.6025]},"properties":{"kind":"obstruction","waterLevel":null,"name":null}},{"type":"Feature","geometry":{"type":"Point","coordinates":[19.0590892,59.8114937]},"properties":{"kind":"rock","waterLevel":"submerged","name":null}},{"type":"Feature","geometry":{"type":"Point","coordinates":[19.0620197,59.8077075]},"properties":{"kind":"rock","waterLevel":"submerged","name":null}},{"type":"Feature","geometry":{"type":"Point","coordinates":[19.057165,59.8112532]},"properties":{"kind":"rock","waterLevel":"covers","name":null}},{"type":"Feature","geometry":{"type":"Point","coordinates":[19.0570379,59.8108662]},"properties":{"kind":"rock","waterLevel":"awash","name":null}},{"type":"Feature","geometry":{"type":"Point","coordinates":[19.0566597,59.8106774]},"properties":{"kind":"rock","waterLevel":"awash","name":null}},{"type":"Feature","geometry":{"type":"Point","coordinates":[19.0574922,59.810366]},"properties":{"kind":"rock","waterLevel":"awash","name":null}},{"type":"Feature","geometry":{"type":"Point","coordinates":[19.0571887,59.8108846]},"properties":{"kind":"rock","waterLevel":"dry","name":null}},{"type":"Feature","geometry":{"type":"Point","coordinates":[19.0385872,59.8129927]},"properties":{"kind":"rock","waterLevel":"dry","name":null}},{"type":"Feature","geometry":{"type":"Point","coordinates":[19.0349888,59.8183066]},"properties":{"kind":"rock","waterLevel":"awash","name":null}},{"type":"Feature","geometry":{"type":"Point","coordinates":[19.0349355,59.8187508]},"properties":{"kind":"rock","waterLevel":"submerged","name":null}},{"type":"Feature","geometry":{"type":"Point","coordinates":[19.0418268,59.8090638]},"properties":{"kind":"rock","waterLevel":"submerged","name":null}},{"type":"Feature","geometry":{"type":"Point","coordinates":[19.0428239,59.8088824]},"properties":{"kind":"rock","waterLevel":"submerged","name":null}},{"type":"Feature","geometry":{"type":"Point","coordinates":[18.7241667,59.6135]},"properties":{"kind":"rock","waterLevel":"awash","name":null}},{"type":"Feature","geometry":{"type":"Point","coordinates":[17.7857833,59.3048333]},"properties":{"kind":"rock","waterLevel":"submerged","name":null}},{"type":"Feature","geometry":{"type":"Point","coordinates":[18.7925,60.1295]},"properties":{"kind":"rock","waterLevel":"submerged","name":null}},{"type":"Feature","geometry":{"type":"Point","coordinates":[18.1664333,58.92565]},"properties":{"kind":"rock","waterLevel":"submerged","name":null}},{"type":"Feature","geometry":{"type":"Point","coordinates":[19.8951191,60.0881645]},"properties":{"kind":"obstruction","waterLevel":null,"name":null}},{"type":"Feature","geometry":{"type":"Point","coordinates":[19.8944566,60.0879024]},"properties":{"kind":"obstruction","waterLevel":null,"name":null}},{"type":"Feature","geometry":{"type":"Point","coordinates":[19.9022269,60.0864257]},"properties":{"kind":"obstruction","waterLevel":null,"name":null}},{"type":"Feature","geometry":{"type":"Point","coordinates":[19.9285327,60.0662432]},"properties":{"kind":"obstruction","waterLevel":null,"name":null}},{"type":"Feature","geometry":{"type":"Point","coordinates":[19.9286933,60.0659184]},"properties":{"kind":"obstruction","waterLevel":null,"name":null}},{"type":"Feature","geometry":{"type":"Point","coordinates":[19.930826,60.0667287]},"properties":{"kind":"obstruction","waterLevel":null,"name":null}},{"type":"Feature","geometry":{"type":"Point","coordinates":[19.9306372,60.066518]},"properties":{"kind":"obstruction","waterLevel":null,"name":null}},{"type":"Feature","geometry":{"type":"Point","coordinates":[19.9299408,60.0664175]},"properties":{"kind":"obstruction","waterLevel":null,"name":null}},{"type":"Feature","geometry":{"type":"Point","coordinates":[19.9298594,60.0661951]},"properties":{"kind":"obstruction","waterLevel":null,"name":null}},{"type":"Feature","geometry":{"type":"Point","coordinates":[19.9339105,60.0694177]},"properties":{"kind":"obstruction","waterLevel":null,"name":null}},{"type":"Feature","geometry":{"type":"Point","coordinates":[19.9897005,60.0920398]},"properties":{"kind":"obstruction","waterLevel":null,"name":null}},{"type":"Feature","geometry":{"type":"Point","coordinates":[19.993245,60.0892893]},"properties":{"kind":"obstruction","waterLevel":null,"name":null}},{"type":"Feature","geometry":{"type":"Point","coordinates":[19.9960479,60.0911337]},"properties":{"kind":"obstruction","waterLevel":null,"name":null}},{"type":"Feature","geometry":{"type":"Point","coordinates":[19.9955088,60.0910294]},"properties":{"kind":"obstruction","waterLevel":null,"name":null}},{"type":"Feature","geometry":{"type":"Point","coordinates":[19.9939692,60.0898685]},"properties":{"kind":"obstruction","waterLevel":null,"name":null}},{"type":"Feature","geometry":{"type":"Point","coordinates":[19.9975231,60.0906495]},"properties":{"kind":"obstruction","waterLevel":null,"name":null}},{"type":"Feature","geometry":{"type":"Point","coordinates":[19.9699822,60.1141812]},"properties":{"kind":"obstruction","waterLevel":null,"name":null}},{"type":"Feature","geometry":{"type":"Point","coordinates":[19.9654265,60.1126857]},"properties":{"kind":"obstruction","waterLevel":null,"name":null}},{"type":"Feature","geometry":{"type":"Point","coordinates":[19.9626115,60.1128313]},"properties":{"kind":"obstruction","waterLevel":null,"name":null}},{"type":"Feature","geometry":{"type":"Point","coordinates":[19.9738318,60.110616]},"properties":{"kind":"obstruction","waterLevel":null,"name":null}},{"type":"Feature","geometry":{"type":"Point","coordinates":[19.9789884,60.1056838]},"properties":{"kind":"obstruction","waterLevel":null,"name":null}},{"type":"Feature","geometry":{"type":"Point","coordinates":[19.9800298,60.1043781]},"properties":{"kind":"obstruction","waterLevel":null,"name":null}},{"type":"Feature","geometry":{"type":"Point","coordinates":[19.9789099,60.1018994]},"properties":{"kind":"obstruction","waterLevel":null,"name":null}},{"type":"Feature","geometry":{"type":"Point","coordinates":[19.9790856,60.1051391]},"properties":{"kind":"obstruction","waterLevel":null,"name":null}},{"type":"Feature","geometry":{"type":"Point","coordinates":[19.974542,60.0935503]},"properties":{"kind":"obstruction","waterLevel":null,"name":null}},{"type":"Feature","geometry":{"type":"Point","coordinates":[19.9675655,60.0925125]},"properties":{"kind":"obstruction","waterLevel":null,"name":null}},{"type":"Feature","geometry":{"type":"Point","coordinates":[19.9658731,60.0924791]},"properties":{"kind":"obstruction","waterLevel":null,"name":null}},{"type":"Feature","geometry":{"type":"Point","coordinates":[19.9674529,60.0922772]},"properties":{"kind":"obstruction","waterLevel":null,"name":null}},{"type":"Feature","geometry":{"type":"Point","coordinates":[19.9665946,60.0924216]},"properties":{"kind":"obstruction","waterLevel":null,"name":null}},{"type":"Feature","geometry":{"type":"Point","coordinates":[19.9663317,60.0923627]},"properties":{"kind":"obstruction","waterLevel":null,"name":null}},{"type":"Feature","geometry":{"type":"Point","coordinates":[19.9642959,60.1057991]},"properties":{"kind":"obstruction","waterLevel":null,"name":null}},{"type":"Feature","geometry":{"type":"Point","coordinates":[19.9643898,60.1049703]},"properties":{"kind":"obstruction","waterLevel":null,"name":null}},{"type":"Feature","geometry":{"type":"Point","coordinates":[19.9644729,60.1045679]},"properties":{"kind":"obstruction","waterLevel":null,"name":null}},{"type":"Feature","geometry":{"type":"Point","coordinates":[19.9647438,60.1038339]},"properties":{"kind":"obstruction","waterLevel":null,"name":null}},{"type":"Feature","geometry":{"type":"Point","coordinates":[19.9694055,60.1012951]},"properties":{"kind":"obstruction","waterLevel":null,"name":null}},{"type":"Feature","geometry":{"type":"Point","coordinates":[19.969712,60.1007706]},"properties":{"kind":"obstruction","waterLevel":null,"name":null}},{"type":"Feature","geometry":{"type":"Point","coordinates":[19.9234995,60.0840085]},"properties":{"kind":"obstruction","waterLevel":null,"name":null}},{"type":"Feature","geometry":{"type":"Point","coordinates":[19.9224535,60.0819056]},"properties":{"kind":"obstruction","waterLevel":null,"name":null}},{"type":"Feature","geometry":{"type":"Point","coordinates":[19.921909,60.0817571]},"properties":{"kind":"obstruction","waterLevel":null,"name":null}},{"type":"Feature","geometry":{"type":"Point","coordinates":[19.9213135,60.081927]},"properties":{"kind":"obstruction","waterLevel":null,"name":null}},{"type":"Feature","geometry":{"type":"Point","coordinates":[19.9181633,60.0803966]},"properties":{"kind":"obstruction","waterLevel":null,"name":null}},{"type":"Feature","geometry":{"type":"Point","coordinates":[19.9180587,60.0806267]},"properties":{"kind":"obstruction","waterLevel":null,"name":null}},{"type":"Feature","geometry":{"type":"Point","coordinates":[19.9175665,60.0805611]},"properties":{"kind":"obstruction","waterLevel":null,"name":null}},{"type":"Feature","geometry":{"type":"Point","coordinates":[19.9142486,60.0795537]},"properties":{"kind":"obstruction","waterLevel":null,"name":null}},{"type":"Feature","geometry":{"type":"Point","coordinates":[19.9138221,60.0790192]},"properties":{"kind":"obstruction","waterLevel":null,"name":null}},{"type":"Feature","geometry":{"type":"Point","coordinates":[19.9062382,60.0779629]},"properties":{"kind":"obstruction","waterLevel":null,"name":null}},{"type":"Feature","geometry":{"type":"Point","coordinates":[19.9064085,60.0780927]},"properties":{"kind":"obstruction","waterLevel":null,"name":null}},{"type":"Feature","geometry":{"type":"Point","coordinates":[19.9054228,60.0783135]},"properties":{"kind":"obstruction","waterLevel":null,"name":null}},{"type":"Feature","geometry":{"type":"Point","coordinates":[19.9063602,60.0789784]},"properties":{"kind":"obstruction","waterLevel":null,"name":null}},{"type":"Feature","geometry":{"type":"Point","coordinates":[19.9044397,60.0806688]},"properties":{"kind":"obstruction","waterLevel":null,"name":null}},{"type":"Feature","geometry":{"type":"Point","coordinates":[19.90494,60.0805417]},"properties":{"kind":"obstruction","waterLevel":null,"name":null}},{"type":"Feature","geometry":{"type":"Point","coordinates":[19.9057902,60.0802962]},"properties":{"kind":"obstruction","waterLevel":null,"name":null}},{"type":"Feature","geometry":{"type":"Point","coordinates":[19.9053758,60.0798614]},"properties":{"kind":"obstruction","waterLevel":null,"name":null}},{"type":"Feature","geometry":{"type":"Point","coordinates":[19.9048984,60.0796454]},"properties":{"kind":"obstruction","waterLevel":null,"name":null}},{"type":"Feature","geometry":{"type":"Point","coordinates":[19.905813,60.0795872]},"properties":{"kind":"obstruction","waterLevel":null,"name":null}},{"type":"Feature","geometry":{"type":"Point","coordinates":[19.905227,60.0793055]},"properties":{"kind":"obstruction","waterLevel":null,"name":null}},{"type":"Feature","geometry":{"type":"Point","coordinates":[19.9052712,60.0788299]},"properties":{"kind":"obstruction","waterLevel":null,"name":null}},{"type":"Feature","geometry":{"type":"Point","coordinates":[19.9113223,60.0726221]},"properties":{"kind":"obstruction","waterLevel":null,"name":null}},{"type":"Feature","geometry":{"type":"Point","coordinates":[19.9194413,60.0732731]},"properties":{"kind":"obstruction","waterLevel":null,"name":null}},{"type":"Feature","geometry":{"type":"Point","coordinates":[19.9177127,60.0730189]},"properties":{"kind":"obstruction","waterLevel":null,"name":null}},{"type":"Feature","geometry":{"type":"Point","coordinates":[19.9184757,60.0729954]},"properties":{"kind":"obstruction","waterLevel":null,"name":null}},{"type":"Feature","geometry":{"type":"Point","coordinates":[19.9183041,60.0725585]},"properties":{"kind":"obstruction","waterLevel":null,"name":null}},{"type":"Feature","geometry":{"type":"Point","coordinates":[19.9174619,60.0724087]},"properties":{"kind":"obstruction","waterLevel":null,"name":null}},{"type":"Feature","geometry":{"type":"Point","coordinates":[19.9175906,60.0722414]},"properties":{"kind":"obstruction","waterLevel":null,"name":null}},{"type":"Feature","geometry":{"type":"Point","coordinates":[19.9179393,60.072133]},"properties":{"kind":"obstruction","waterLevel":null,"name":null}},{"type":"Feature","geometry":{"type":"Point","coordinates":[19.9161905,60.0702086]},"properties":{"kind":"obstruction","waterLevel":null,"name":null}},{"type":"Feature","geometry":{"type":"Point","coordinates":[19.9120304,60.0695937]},"properties":{"kind":"obstruction","waterLevel":null,"name":null}},{"type":"Feature","geometry":{"type":"Point","coordinates":[19.9147143,60.0702966]},"properties":{"kind":"obstruction","waterLevel":null,"name":null}},{"type":"Feature","geometry":{"type":"Point","coordinates":[19.9152169,60.0700427]},"properties":{"kind":"obstruction","waterLevel":null,"name":null}},{"type":"Feature","geometry":{"type":"Point","coordinates":[19.9175048,60.069953]},"properties":{"kind":"obstruction","waterLevel":null,"name":null}},{"type":"Feature","geometry":{"type":"Point","coordinates":[19.9169147,60.0693401]},"properties":{"kind":"obstruction","waterLevel":null,"name":null}},{"type":"Feature","geometry":{"type":"Point","coordinates":[19.9143163,60.070113]},"properties":{"kind":"obstruction","waterLevel":null,"name":null}},{"type":"Feature","geometry":{"type":"Point","coordinates":[19.9140548,60.0698901]},"properties":{"kind":"obstruction","waterLevel":null,"name":null}},{"type":"Feature","geometry":{"type":"Point","coordinates":[19.9114913,60.0692143]},"properties":{"kind":"obstruction","waterLevel":null,"name":null}},{"type":"Feature","geometry":{"type":"Point","coordinates":[19.9123871,60.0683043]},"properties":{"kind":"obstruction","waterLevel":null,"name":null}},{"type":"Feature","geometry":{"type":"Point","coordinates":[19.912312,60.0677743]},"properties":{"kind":"obstruction","waterLevel":null,"name":null}},{"type":"Feature","geometry":{"type":"Point","coordinates":[19.9131274,60.0680955]},"properties":{"kind":"obstruction","waterLevel":null,"name":null}},{"type":"Feature","geometry":{"type":"Point","coordinates":[19.8878342,60.0921481]},"properties":{"kind":"obstruction","waterLevel":null,"name":null}},{"type":"Feature","geometry":{"type":"Point","coordinates":[19.8897171,60.0916158]},"properties":{"kind":"obstruction","waterLevel":null,"name":null}},{"type":"Feature","geometry":{"type":"Point","coordinates":[19.8896702,60.0914861]},"properties":{"kind":"obstruction","waterLevel":null,"name":null}},{"type":"Feature","geometry":{"type":"Point","coordinates":[19.8900752,60.0913149]},"properties":{"kind":"obstruction","waterLevel":null,"name":null}},{"type":"Feature","geometry":{"type":"Point","coordinates":[19.8901167,60.0911076]},"properties":{"kind":"obstruction","waterLevel":null,"name":null}},{"type":"Feature","geometry":{"type":"Point","coordinates":[19.8883921,60.0920792]},"properties":{"kind":"obstruction","waterLevel":null,"name":null}},{"type":"Feature","geometry":{"type":"Point","coordinates":[19.8894167,60.0920271]},"properties":{"kind":"obstruction","waterLevel":null,"name":null}},{"type":"Feature","geometry":{"type":"Point","coordinates":[19.8895079,60.0918599]},"properties":{"kind":"obstruction","waterLevel":null,"name":null}},{"type":"Feature","geometry":{"type":"Point","coordinates":[19.8932737,60.0901935]},"properties":{"kind":"obstruction","waterLevel":null,"name":null}},{"type":"Feature","geometry":{"type":"Point","coordinates":[19.8921928,60.0899527]},"properties":{"kind":"obstruction","waterLevel":null,"name":null}},{"type":"Feature","geometry":{"type":"Point","coordinates":[19.8911467,60.0900102]},"properties":{"kind":"obstruction","waterLevel":null,"name":null}},{"type":"Feature","geometry":{"type":"Point","coordinates":[19.8912111,60.0902015]},"properties":{"kind":"obstruction","waterLevel":null,"name":null}},{"type":"Feature","geometry":{"type":"Point","coordinates":[19.8926514,60.0905613]},"properties":{"kind":"obstruction","waterLevel":null,"name":null}},{"type":"Feature","geometry":{"type":"Point","coordinates":[19.8927936,60.0902603]},"properties":{"kind":"obstruction","waterLevel":null,"name":null}},{"type":"Feature","geometry":{"type":"Point","coordinates":[20.1553872,59.9452229]},"properties":{"kind":"obstruction","waterLevel":null,"name":null}},{"type":"Feature","geometry":{"type":"Point","coordinates":[20.1554731,59.9450469]},"properties":{"kind":"obstruction","waterLevel":null,"name":null}},{"type":"Feature","geometry":{"type":"Point","coordinates":[20.1548535,59.9447729]},"properties":{"kind":"obstruction","waterLevel":null,"name":null}},{"type":"Feature","geometry":{"type":"Point","coordinates":[20.1836389,59.9386279]},"properties":{"kind":"obstruction","waterLevel":null,"name":null}},{"type":"Feature","geometry":{"type":"Point","coordinates":[20.1858973,59.9380931]},"properties":{"kind":"obstruction","waterLevel":null,"name":null}},{"type":"Feature","geometry":{"type":"Point","coordinates":[20.1904075,59.9365358]},"properties":{"kind":"obstruction","waterLevel":null,"name":null}},{"type":"Feature","geometry":{"type":"Point","coordinates":[20.1899341,59.9365479]},"properties":{"kind":"obstruction","waterLevel":null,"name":null}},{"type":"Feature","geometry":{"type":"Point","coordinates":[20.1893628,59.9366353]},"properties":{"kind":"obstruction","waterLevel":null,"name":null}},{"type":"Feature","geometry":{"type":"Point","coordinates":[20.1873189,59.928501]},"properties":{"kind":"obstruction","waterLevel":null,"name":null}},{"type":"Feature","geometry":{"type":"Point","coordinates":[20.1865035,59.9279634]},"properties":{"kind":"obstruction","waterLevel":null,"name":null}},{"type":"Feature","geometry":{"type":"Point","coordinates":[20.1761126,59.9295574]},"properties":{"kind":"obstruction","waterLevel":null,"name":null}},{"type":"Feature","geometry":{"type":"Point","coordinates":[20.1534533,59.930689]},"properties":{"kind":"obstruction","waterLevel":null,"name":null}},{"type":"Feature","geometry":{"type":"Point","coordinates":[20.1530135,59.9311808]},"properties":{"kind":"obstruction","waterLevel":null,"name":null}},{"type":"Feature","geometry":{"type":"Point","coordinates":[20.1525789,59.9312695]},"properties":{"kind":"obstruction","waterLevel":null,"name":null}},{"type":"Feature","geometry":{"type":"Point","coordinates":[20.1638657,59.9299928]},"properties":{"kind":"obstruction","waterLevel":null,"name":null}},{"type":"Feature","geometry":{"type":"Point","coordinates":[20.1614463,59.9294418]},"properties":{"kind":"obstruction","waterLevel":null,"name":null}},{"type":"Feature","geometry":{"type":"Point","coordinates":[20.1619452,59.9291999]},"properties":{"kind":"obstruction","waterLevel":null,"name":null}},{"type":"Feature","geometry":{"type":"Point","coordinates":[20.1461685,59.9286327]},"properties":{"kind":"obstruction","waterLevel":null,"name":null}},{"type":"Feature","geometry":{"type":"Point","coordinates":[20.1456052,59.9288478]},"properties":{"kind":"obstruction","waterLevel":null,"name":null}},{"type":"Feature","geometry":{"type":"Point","coordinates":[20.1591021,59.9299364]},"properties":{"kind":"obstruction","waterLevel":null,"name":null}},{"type":"Feature","geometry":{"type":"Point","coordinates":[20.1642787,59.9297402]},"properties":{"kind":"obstruction","waterLevel":null,"name":null}},{"type":"Feature","geometry":{"type":"Point","coordinates":[20.1524549,59.9943823]},"properties":{"kind":"obstruction","waterLevel":null,"name":null}},{"type":"Feature","geometry":{"type":"Point","coordinates":[20.1533762,59.9941147]},"properties":{"kind":"obstruction","waterLevel":null,"name":null}},{"type":"Feature","geometry":{"type":"Point","coordinates":[20.1543586,59.9937237]},"properties":{"kind":"obstruction","waterLevel":null,"name":null}},{"type":"Feature","geometry":{"type":"Point","coordinates":[20.1541051,59.9939816]},"properties":{"kind":"obstruction","waterLevel":null,"name":null}},{"type":"Feature","geometry":{"type":"Point","coordinates":[20.1540263,59.9933275]},"properties":{"kind":"obstruction","waterLevel":null,"name":null}},{"type":"Feature","geometry":{"type":"Point","coordinates":[20.15379,59.9932438]},"properties":{"kind":"obstruction","waterLevel":null,"name":null}},{"type":"Feature","geometry":{"type":"Point","coordinates":[20.1544961,59.9931367]},"properties":{"kind":"obstruction","waterLevel":null,"name":null}},{"type":"Feature","geometry":{"type":"Point","coordinates":[20.1542325,59.9928438]},"properties":{"kind":"obstruction","waterLevel":null,"name":null}},{"type":"Feature","geometry":{"type":"Point","coordinates":[20.1595607,59.9908323]},"properties":{"kind":"obstruction","waterLevel":null,"name":null}},{"type":"Feature","geometry":{"type":"Point","coordinates":[20.1584647,59.9904866]},"properties":{"kind":"obstruction","waterLevel":null,"name":null}},{"type":"Feature","geometry":{"type":"Point","coordinates":[20.1598524,59.9928109]},"properties":{"kind":"obstruction","waterLevel":null,"name":null}},{"type":"Feature","geometry":{"type":"Point","coordinates":[20.1587168,59.9920394]},"properties":{"kind":"obstruction","waterLevel":null,"name":null}},{"type":"Feature","geometry":{"type":"Point","coordinates":[20.1550587,59.9924085]},"properties":{"kind":"obstruction","waterLevel":null,"name":null}},{"type":"Feature","geometry":{"type":"Point","coordinates":[20.1599564,59.9910952]},"properties":{"kind":"obstruction","waterLevel":null,"name":null}},{"type":"Feature","geometry":{"type":"Point","coordinates":[20.159202,59.9900569]},"properties":{"kind":"obstruction","waterLevel":null,"name":null}},{"type":"Feature","geometry":{"type":"Point","coordinates":[20.1582907,59.9901082]},"properties":{"kind":"obstruction","waterLevel":null,"name":null}},{"type":"Feature","geometry":{"type":"Point","coordinates":[19.8816175,60.0306311]},"properties":{"kind":"obstruction","waterLevel":null,"name":null}},{"type":"Feature","geometry":{"type":"Point","coordinates":[19.8819125,60.0306029]},"properties":{"kind":"obstruction","waterLevel":null,"name":null}},{"type":"Feature","geometry":{"type":"Point","coordinates":[19.8803679,60.0301666]},"properties":{"kind":"obstruction","waterLevel":null,"name":null}},{"type":"Feature","geometry":{"type":"Point","coordinates":[19.880434,60.0305217]},"properties":{"kind":"obstruction","waterLevel":null,"name":null}},{"type":"Feature","geometry":{"type":"Point","coordinates":[19.8809174,60.0305296]},"properties":{"kind":"obstruction","waterLevel":null,"name":null}},{"type":"Feature","geometry":{"type":"Point","coordinates":[19.8874292,60.0309198]},"properties":{"kind":"obstruction","waterLevel":null,"name":null}},{"type":"Feature","geometry":{"type":"Point","coordinates":[19.8887609,60.0272591]},"properties":{"kind":"obstruction","waterLevel":null,"name":null}},{"type":"Feature","geometry":{"type":"Point","coordinates":[19.8883807,60.0272658]},"properties":{"kind":"obstruction","waterLevel":null,"name":null}},{"type":"Feature","geometry":{"type":"Point","coordinates":[19.8901147,60.0291711]},"properties":{"kind":"obstruction","waterLevel":null,"name":null}},{"type":"Feature","geometry":{"type":"Point","coordinates":[19.8896923,60.0283649]},"properties":{"kind":"obstruction","waterLevel":null,"name":null}},{"type":"Feature","geometry":{"type":"Point","coordinates":[19.889585,60.0276095]},"properties":{"kind":"obstruction","waterLevel":null,"name":null}},{"type":"Feature","geometry":{"type":"Point","coordinates":[19.8727555,60.0274732]},"properties":{"kind":"obstruction","waterLevel":null,"name":null}},{"type":"Feature","geometry":{"type":"Point","coordinates":[19.870376,60.0306347]},"properties":{"kind":"obstruction","waterLevel":null,"name":null}},{"type":"Feature","geometry":{"type":"Point","coordinates":[19.8705598,60.0309607]},"properties":{"kind":"obstruction","waterLevel":null,"name":null}},{"type":"Feature","geometry":{"type":"Point","coordinates":[19.8701269,60.0309466]},"properties":{"kind":"obstruction","waterLevel":null,"name":null}},{"type":"Feature","geometry":{"type":"Point","coordinates":[19.889813,60.0286415]},"properties":{"kind":"obstruction","waterLevel":null,"name":null}},{"type":"Feature","geometry":{"type":"Point","coordinates":[19.8890611,60.0286184]},"properties":{"kind":"obstruction","waterLevel":null,"name":null}},{"type":"Feature","geometry":{"type":"Point","coordinates":[19.8890955,60.0284497]},"properties":{"kind":"obstruction","waterLevel":null,"name":null}},{"type":"Feature","geometry":{"type":"Point","coordinates":[19.8858131,60.0288118]},"properties":{"kind":"obstruction","waterLevel":null,"name":null}},{"type":"Feature","geometry":{"type":"Point","coordinates":[19.8871378,60.0284329]},"properties":{"kind":"obstruction","waterLevel":null,"name":null}},{"type":"Feature","geometry":{"type":"Point","coordinates":[19.8872951,60.0277846]},"properties":{"kind":"obstruction","waterLevel":null,"name":null}},{"type":"Feature","geometry":{"type":"Point","coordinates":[19.8883646,60.0270039]},"properties":{"kind":"obstruction","waterLevel":null,"name":null}},{"type":"Feature","geometry":{"type":"Point","coordinates":[19.8859577,60.0261338]},"properties":{"kind":"obstruction","waterLevel":null,"name":null}},{"type":"Feature","geometry":{"type":"Point","coordinates":[19.885221,60.0260498]},"properties":{"kind":"obstruction","waterLevel":null,"name":null}},{"type":"Feature","geometry":{"type":"Point","coordinates":[19.8857572,60.0264841]},"properties":{"kind":"obstruction","waterLevel":null,"name":null}},{"type":"Feature","geometry":{"type":"Point","coordinates":[19.884986,60.0263876]},"properties":{"kind":"obstruction","waterLevel":null,"name":null}},{"type":"Feature","geometry":{"type":"Point","coordinates":[19.8832521,60.0266548]},"properties":{"kind":"obstruction","waterLevel":null,"name":null}},{"type":"Feature","geometry":{"type":"Point","coordinates":[19.8838229,60.0271008]},"properties":{"kind":"obstruction","waterLevel":null,"name":null}},{"type":"Feature","geometry":{"type":"Point","coordinates":[19.8830907,60.0268883]},"properties":{"kind":"obstruction","waterLevel":null,"name":null}},{"type":"Feature","geometry":{"type":"Point","coordinates":[19.8851882,60.0272826]},"properties":{"kind":"obstruction","waterLevel":null,"name":null}},{"type":"Feature","geometry":{"type":"Point","coordinates":[19.8843185,60.0273881]},"properties":{"kind":"obstruction","waterLevel":null,"name":null}},{"type":"Feature","geometry":{"type":"Point","coordinates":[19.8840006,60.0273616]},"properties":{"kind":"obstruction","waterLevel":null,"name":null}},{"type":"Feature","geometry":{"type":"Point","coordinates":[19.8837505,60.0273486]},"properties":{"kind":"obstruction","waterLevel":null,"name":null}},{"type":"Feature","geometry":{"type":"Point","coordinates":[19.8821104,60.0273502]},"properties":{"kind":"obstruction","waterLevel":null,"name":null}},{"type":"Feature","geometry":{"type":"Point","coordinates":[19.8824892,60.0272712]},"properties":{"kind":"obstruction","waterLevel":null,"name":null}},{"type":"Feature","geometry":{"type":"Point","coordinates":[19.8826508,60.0274337]},"properties":{"kind":"obstruction","waterLevel":null,"name":null}},{"type":"Feature","geometry":{"type":"Point","coordinates":[19.8830646,60.0277806]},"properties":{"kind":"obstruction","waterLevel":null,"name":null}},{"type":"Feature","geometry":{"type":"Point","coordinates":[19.8837683,60.0278445]},"properties":{"kind":"obstruction","waterLevel":null,"name":null}},{"type":"Feature","geometry":{"type":"Point","coordinates":[19.884285,60.0277834]},"properties":{"kind":"obstruction","waterLevel":null,"name":null}},{"type":"Feature","geometry":{"type":"Point","coordinates":[19.8847852,60.0276387]},"properties":{"kind":"obstruction","waterLevel":null,"name":null}},{"type":"Feature","geometry":{"type":"Point","coordinates":[19.8840724,60.0280236]},"properties":{"kind":"obstruction","waterLevel":null,"name":null}},{"type":"Feature","geometry":{"type":"Point","coordinates":[19.8843064,60.0281003]},"properties":{"kind":"obstruction","waterLevel":null,"name":null}},{"type":"Feature","geometry":{"type":"Point","coordinates":[19.8839322,60.0284219]},"properties":{"kind":"obstruction","waterLevel":null,"name":null}},{"type":"Feature","geometry":{"type":"Point","coordinates":[19.884755,60.0284487]},"properties":{"kind":"obstruction","waterLevel":null,"name":null}},{"type":"Feature","geometry":{"type":"Point","coordinates":[19.884242,60.028655]},"properties":{"kind":"obstruction","waterLevel":null,"name":null}},{"type":"Feature","geometry":{"type":"Point","coordinates":[19.8844385,60.0294141]},"properties":{"kind":"obstruction","waterLevel":null,"name":null}},{"type":"Feature","geometry":{"type":"Point","coordinates":[19.8846497,60.0279378]},"properties":{"kind":"obstruction","waterLevel":null,"name":null}},{"type":"Feature","geometry":{"type":"Point","coordinates":[19.8823062,60.0270357]},"properties":{"kind":"obstruction","waterLevel":null,"name":null}},{"type":"Feature","geometry":{"type":"Point","coordinates":[19.881868,60.0266514]},"properties":{"kind":"obstruction","waterLevel":null,"name":null}},{"type":"Feature","geometry":{"type":"Point","coordinates":[19.8844694,60.0270268]},"properties":{"kind":"obstruction","waterLevel":null,"name":null}},{"type":"Feature","geometry":{"type":"Point","coordinates":[19.8842119,60.0267322]},"properties":{"kind":"obstruction","waterLevel":null,"name":null}},{"type":"Feature","geometry":{"type":"Point","coordinates":[19.8830699,60.0262472]},"properties":{"kind":"obstruction","waterLevel":null,"name":null}},{"type":"Feature","geometry":{"type":"Point","coordinates":[19.886707,60.0264266]},"properties":{"kind":"obstruction","waterLevel":null,"name":null}},{"type":"Feature","geometry":{"type":"Point","coordinates":[19.8863871,60.0259844]},"properties":{"kind":"obstruction","waterLevel":null,"name":null}},{"type":"Feature","geometry":{"type":"Point","coordinates":[19.8873936,60.0286624]},"properties":{"kind":"obstruction","waterLevel":null,"name":null}},{"type":"Feature","geometry":{"type":"Point","coordinates":[19.8867083,60.0287522]},"properties":{"kind":"obstruction","waterLevel":null,"name":null}},{"type":"Feature","geometry":{"type":"Point","coordinates":[19.8845639,60.0287542]},"properties":{"kind":"obstruction","waterLevel":null,"name":null}},{"type":"Feature","geometry":{"type":"Point","coordinates":[19.8852532,60.0289884]},"properties":{"kind":"obstruction","waterLevel":null,"name":null}},{"type":"Feature","geometry":{"type":"Point","coordinates":[19.8848506,60.0289396]},"properties":{"kind":"obstruction","waterLevel":null,"name":null}},{"type":"Feature","geometry":{"type":"Point","coordinates":[19.8864404,60.0291723]},"properties":{"kind":"obstruction","waterLevel":null,"name":null}},{"type":"Feature","geometry":{"type":"Point","coordinates":[19.8860358,60.0295367]},"properties":{"kind":"obstruction","waterLevel":null,"name":null}},{"type":"Feature","geometry":{"type":"Point","coordinates":[19.8851956,60.0295803]},"properties":{"kind":"obstruction","waterLevel":null,"name":null}},{"type":"Feature","geometry":{"type":"Point","coordinates":[19.8857618,60.0298826]},"properties":{"kind":"obstruction","waterLevel":null,"name":null}},{"type":"Feature","geometry":{"type":"Point","coordinates":[19.8861079,60.0301177]},"properties":{"kind":"obstruction","waterLevel":null,"name":null}},{"type":"Feature","geometry":{"type":"Point","coordinates":[19.8854782,60.0301919]},"properties":{"kind":"obstruction","waterLevel":null,"name":null}},{"type":"Feature","geometry":{"type":"Point","coordinates":[19.8847014,60.0300326]},"properties":{"kind":"obstruction","waterLevel":null,"name":null}},{"type":"Feature","geometry":{"type":"Point","coordinates":[19.8839302,60.03227]},"properties":{"kind":"obstruction","waterLevel":null,"name":null}},{"type":"Feature","geometry":{"type":"Point","coordinates":[19.8836737,60.0318692]},"properties":{"kind":"obstruction","waterLevel":null,"name":null}},{"type":"Feature","geometry":{"type":"Point","coordinates":[19.8833351,60.0317699]},"properties":{"kind":"obstruction","waterLevel":null,"name":null}},{"type":"Feature","geometry":{"type":"Point","coordinates":[19.8831299,60.0315512]},"properties":{"kind":"obstruction","waterLevel":null,"name":null}},{"type":"Feature","geometry":{"type":"Point","coordinates":[19.8832107,60.0312588]},"properties":{"kind":"obstruction","waterLevel":null,"name":null}},{"type":"Feature","geometry":{"type":"Point","coordinates":[19.8839027,60.0310618]},"properties":{"kind":"obstruction","waterLevel":null,"name":null}},{"type":"Feature","geometry":{"type":"Point","coordinates":[19.8835145,60.031023]},"properties":{"kind":"obstruction","waterLevel":null,"name":null}},{"type":"Feature","geometry":{"type":"Point","coordinates":[19.8842219,60.0307453]},"properties":{"kind":"obstruction","waterLevel":null,"name":null}},{"type":"Feature","geometry":{"type":"Point","coordinates":[20.163173,59.941636]},"properties":{"kind":"obstruction","waterLevel":null,"name":null}},{"type":"Feature","geometry":{"type":"Point","coordinates":[20.163456,59.9417338]},"properties":{"kind":"obstruction","waterLevel":null,"name":null}},{"type":"Feature","geometry":{"type":"Point","coordinates":[20.1634057,59.9419027]},"properties":{"kind":"obstruction","waterLevel":null,"name":null}},{"type":"Feature","geometry":{"type":"Point","coordinates":[20.1622134,59.9433899]},"properties":{"kind":"obstruction","waterLevel":null,"name":null}},{"type":"Feature","geometry":{"type":"Point","coordinates":[20.1677307,59.942604]},"properties":{"kind":"obstruction","waterLevel":null,"name":null}},{"type":"Feature","geometry":{"type":"Point","coordinates":[20.1675953,59.9429123]},"properties":{"kind":"obstruction","waterLevel":null,"name":null}},{"type":"Feature","geometry":{"type":"Point","coordinates":[20.1674666,59.943098]},"properties":{"kind":"obstruction","waterLevel":null,"name":null}},{"type":"Feature","geometry":{"type":"Point","coordinates":[20.1975411,59.9265616]},"properties":{"kind":"obstruction","waterLevel":null,"name":null}},{"type":"Feature","geometry":{"type":"Point","coordinates":[20.1972919,59.9250789]},"properties":{"kind":"obstruction","waterLevel":null,"name":null}},{"type":"Feature","geometry":{"type":"Point","coordinates":[20.1975683,59.9255721]},"properties":{"kind":"obstruction","waterLevel":null,"name":null}},{"type":"Feature","geometry":{"type":"Point","coordinates":[20.1982503,59.9257423]},"properties":{"kind":"obstruction","waterLevel":null,"name":null}},{"type":"Feature","geometry":{"type":"Point","coordinates":[20.1974872,59.9258351]},"properties":{"kind":"obstruction","waterLevel":null,"name":null}},{"type":"Feature","geometry":{"type":"Point","coordinates":[20.1982757,59.9259668]},"properties":{"kind":"obstruction","waterLevel":null,"name":null}},{"type":"Feature","geometry":{"type":"Point","coordinates":[20.1987361,59.9241809]},"properties":{"kind":"obstruction","waterLevel":null,"name":null}},{"type":"Feature","geometry":{"type":"Point","coordinates":[20.198839,59.9239274]},"properties":{"kind":"obstruction","waterLevel":null,"name":null}},{"type":"Feature","geometry":{"type":"Point","coordinates":[20.1966329,59.9251358]},"properties":{"kind":"obstruction","waterLevel":null,"name":null}},{"type":"Feature","geometry":{"type":"Point","coordinates":[20.1964787,59.9248475]},"properties":{"kind":"obstruction","waterLevel":null,"name":null}},{"type":"Feature","geometry":{"type":"Point","coordinates":[20.1960193,59.9257793]},"properties":{"kind":"obstruction","waterLevel":null,"name":null}},{"type":"Feature","geometry":{"type":"Point","coordinates":[20.1949994,59.9255804]},"properties":{"kind":"obstruction","waterLevel":null,"name":null}},{"type":"Feature","geometry":{"type":"Point","coordinates":[20.1960009,59.9271575]},"properties":{"kind":"obstruction","waterLevel":null,"name":null}},{"type":"Feature","geometry":{"type":"Point","coordinates":[20.1935738,59.9264003]},"properties":{"kind":"obstruction","waterLevel":null,"name":null}},{"type":"Feature","geometry":{"type":"Point","coordinates":[20.1946336,59.9297005]},"properties":{"kind":"obstruction","waterLevel":null,"name":null}},{"type":"Feature","geometry":{"type":"Point","coordinates":[20.1899019,59.9291488]},"properties":{"kind":"obstruction","waterLevel":null,"name":null}},{"type":"Feature","geometry":{"type":"Point","coordinates":[20.1868938,59.9302351]},"properties":{"kind":"obstruction","waterLevel":null,"name":null}},{"type":"Feature","geometry":{"type":"Point","coordinates":[20.1851168,59.930063]},"properties":{"kind":"obstruction","waterLevel":null,"name":null}},{"type":"Feature","geometry":{"type":"Point","coordinates":[20.1827149,59.9302166]},"properties":{"kind":"obstruction","waterLevel":null,"name":null}},{"type":"Feature","geometry":{"type":"Point","coordinates":[20.1837442,59.9283606]},"properties":{"kind":"obstruction","waterLevel":null,"name":null}},{"type":"Feature","geometry":{"type":"Point","coordinates":[20.1870064,59.9288847]},"properties":{"kind":"obstruction","waterLevel":null,"name":null}},{"type":"Feature","geometry":{"type":"Point","coordinates":[20.1874289,59.9288612]},"properties":{"kind":"obstruction","waterLevel":null,"name":null}},{"type":"Feature","geometry":{"type":"Point","coordinates":[20.187728,59.9288007]},"properties":{"kind":"obstruction","waterLevel":null,"name":null}},{"type":"Feature","geometry":{"type":"Point","coordinates":[20.187964,59.9284513]},"properties":{"kind":"obstruction","waterLevel":null,"name":null}},{"type":"Feature","geometry":{"type":"Point","coordinates":[20.1879345,59.9281529]},"properties":{"kind":"obstruction","waterLevel":null,"name":null}},{"type":"Feature","geometry":{"type":"Point","coordinates":[20.1962678,59.9174928]},"properties":{"kind":"obstruction","waterLevel":null,"name":null}},{"type":"Feature","geometry":{"type":"Point","coordinates":[20.1952467,59.9177383]},"properties":{"kind":"obstruction","waterLevel":null,"name":null}},{"type":"Feature","geometry":{"type":"Point","coordinates":[19.9509709,59.8437491]},"properties":{"kind":"obstruction","waterLevel":null,"name":null}},{"type":"Feature","geometry":{"type":"Point","coordinates":[19.9522391,59.8430068]},"properties":{"kind":"obstruction","waterLevel":null,"name":null}},{"type":"Feature","geometry":{"type":"Point","coordinates":[19.9533076,59.8432892]},"properties":{"kind":"obstruction","waterLevel":null,"name":null}},{"type":"Feature","geometry":{"type":"Point","coordinates":[17.4112333,59.3396667]},"properties":{"kind":"rock","waterLevel":"submerged","name":null}},{"type":"Feature","geometry":{"type":"Point","coordinates":[18.7326667,59.6026667]},"properties":{"kind":"rock","waterLevel":"submerged","name":null}},{"type":"Feature","geometry":{"type":"Point","coordinates":[19.0396702,59.8390763]},"properties":{"kind":"rock","waterLevel":"submerged","name":null}},{"type":"Feature","geometry":{"type":"Point","coordinates":[19.0258346,59.834306]},"properties":{"kind":"rock","waterLevel":"submerged","name":null}},{"type":"Feature","geometry":{"type":"Point","coordinates":[19.0280581,59.83276]},"properties":{"kind":"rock","waterLevel":"submerged","name":null}},{"type":"Feature","geometry":{"type":"Point","coordinates":[19.0280286,59.8326199]},"properties":{"kind":"rock","waterLevel":"submerged","name":null}},{"type":"Feature","geometry":{"type":"Point","coordinates":[19.039833,59.8128823]},"properties":{"kind":"rock","waterLevel":"dry","name":null}},{"type":"Feature","geometry":{"type":"Point","coordinates":[19.0381957,59.8174503]},"properties":{"kind":"rock","waterLevel":"dry","name":null}},{"type":"Feature","geometry":{"type":"Point","coordinates":[19.0384585,59.8164011]},"properties":{"kind":"rock","waterLevel":"awash","name":null}},{"type":"Feature","geometry":{"type":"Point","coordinates":[19.0464127,59.8187172]},"properties":{"kind":"rock","waterLevel":"awash","name":null}},{"type":"Feature","geometry":{"type":"Point","coordinates":[19.044385,59.8190058]},"properties":{"kind":"rock","waterLevel":"submerged","name":null}},{"type":"Feature","geometry":{"type":"Point","coordinates":[19.0457743,59.818488]},"properties":{"kind":"rock","waterLevel":"submerged","name":null}},{"type":"Feature","geometry":{"type":"Point","coordinates":[19.0462693,59.8183787]},"properties":{"kind":"rock","waterLevel":"submerged","name":null}},{"type":"Feature","geometry":{"type":"Point","coordinates":[19.0470622,59.8107341]},"properties":{"kind":"rock","waterLevel":"submerged","name":null}},{"type":"Feature","geometry":{"type":"Point","coordinates":[19.0362181,59.8254907]},"properties":{"kind":"rock","waterLevel":"submerged","name":null}},{"type":"Feature","geometry":{"type":"Point","coordinates":[19.0359696,59.8255564]},"properties":{"kind":"rock","waterLevel":"submerged","name":null}},{"type":"Feature","geometry":{"type":"Point","coordinates":[19.0476241,59.8197029]},"properties":{"kind":"rock","waterLevel":"dry","name":null}},{"type":"Feature","geometry":{"type":"Point","coordinates":[19.0473656,59.8195854]},"properties":{"kind":"rock","waterLevel":"dry","name":null}},{"type":"Feature","geometry":{"type":"Point","coordinates":[19.0472816,59.8195592]},"properties":{"kind":"rock","waterLevel":"dry","name":null}},{"type":"Feature","geometry":{"type":"Point","coordinates":[19.0469437,59.8194988]},"properties":{"kind":"rock","waterLevel":"awash","name":null}},{"type":"Feature","geometry":{"type":"Point","coordinates":[19.0596162,59.8053493]},"properties":{"kind":"rock","waterLevel":"awash","name":null}},{"type":"Feature","geometry":{"type":"Point","coordinates":[19.0756745,59.8864347]},"properties":{"kind":"rock","waterLevel":"awash","name":null}},{"type":"Feature","geometry":{"type":"Point","coordinates":[19.0760629,59.8865975]},"properties":{"kind":"rock","waterLevel":"awash","name":null}},{"type":"Feature","geometry":{"type":"Point","coordinates":[19.0761639,59.8850988]},"properties":{"kind":"rock","waterLevel":"awash","name":null}},{"type":"Feature","geometry":{"type":"Point","coordinates":[19.0757761,59.8850653]},"properties":{"kind":"rock","waterLevel":"awash","name":null}},{"type":"Feature","geometry":{"type":"Point","coordinates":[19.0765375,59.8845217]},"properties":{"kind":"rock","waterLevel":"awash","name":null}},{"type":"Feature","geometry":{"type":"Point","coordinates":[19.087763,59.8808343]},"properties":{"kind":"rock","waterLevel":"awash","name":null}},{"type":"Feature","geometry":{"type":"Point","coordinates":[19.091669,59.8951602]},"properties":{"kind":"rock","waterLevel":"awash","name":null}},{"type":"Feature","geometry":{"type":"Point","coordinates":[19.0655153,59.8918676]},"properties":{"kind":"rock","waterLevel":"awash","name":null}},{"type":"Feature","geometry":{"type":"Point","coordinates":[19.0650802,59.8915675]},"properties":{"kind":"rock","waterLevel":"awash","name":null}},{"type":"Feature","geometry":{"type":"Point","coordinates":[19.0741569,59.8838934]},"properties":{"kind":"rock","waterLevel":"awash","name":null}},{"type":"Feature","geometry":{"type":"Point","coordinates":[19.0738096,59.884615]},"properties":{"kind":"rock","waterLevel":"awash","name":null}},{"type":"Feature","geometry":{"type":"Point","coordinates":[19.0743628,59.8845662]},"properties":{"kind":"rock","waterLevel":"awash","name":null}},{"type":"Feature","geometry":{"type":"Point","coordinates":[19.0710482,59.8856424]},"properties":{"kind":"rock","waterLevel":"awash","name":null}},{"type":"Feature","geometry":{"type":"Point","coordinates":[19.0706972,59.8852595]},"properties":{"kind":"rock","waterLevel":"awash","name":null}},{"type":"Feature","geometry":{"type":"Point","coordinates":[19.0709189,59.8849605]},"properties":{"kind":"rock","waterLevel":"awash","name":null}},{"type":"Feature","geometry":{"type":"Point","coordinates":[19.0710168,59.885362]},"properties":{"kind":"rock","waterLevel":"awash","name":null}},{"type":"Feature","geometry":{"type":"Point","coordinates":[19.0711838,59.8852089]},"properties":{"kind":"rock","waterLevel":"awash","name":null}},{"type":"Feature","geometry":{"type":"Point","coordinates":[19.0711521,59.8848233]},"properties":{"kind":"rock","waterLevel":"awash","name":null}},{"type":"Feature","geometry":{"type":"Point","coordinates":[19.071843,59.8839552]},"properties":{"kind":"rock","waterLevel":"awash","name":null}},{"type":"Feature","geometry":{"type":"Point","coordinates":[19.0717624,59.8847049]},"properties":{"kind":"rock","waterLevel":"awash","name":null}},{"type":"Feature","geometry":{"type":"Point","coordinates":[19.0713392,59.8855614]},"properties":{"kind":"rock","waterLevel":"awash","name":null}},{"type":"Feature","geometry":{"type":"Point","coordinates":[19.0711067,59.885082]},"properties":{"kind":"rock","waterLevel":"awash","name":null}},{"type":"Feature","geometry":{"type":"Point","coordinates":[19.0970458,59.884446]},"properties":{"kind":"rock","waterLevel":"awash","name":null}},{"type":"Feature","geometry":{"type":"Point","coordinates":[19.0647171,59.8875431]},"properties":{"kind":"rock","waterLevel":"awash","name":null}},{"type":"Feature","geometry":{"type":"Point","coordinates":[19.062874,59.8869802]},"properties":{"kind":"rock","waterLevel":"awash","name":null}},{"type":"Feature","geometry":{"type":"Point","coordinates":[19.0631328,59.886876]},"properties":{"kind":"rock","waterLevel":"awash","name":null}},{"type":"Feature","geometry":{"type":"Point","coordinates":[19.0613558,59.8863794]},"properties":{"kind":"rock","waterLevel":"awash","name":null}},{"type":"Feature","geometry":{"type":"Point","coordinates":[17.6241833,59.7819167]},"properties":{"kind":"rock","waterLevel":"submerged","name":null}},{"type":"Feature","geometry":{"type":"Point","coordinates":[18.9617833,59.7786333]},"properties":{"kind":"rock","waterLevel":"submerged","name":null}},{"type":"Feature","geometry":{"type":"Point","coordinates":[18.8973333,59.8901667]},"properties":{"kind":"rock","waterLevel":"submerged","name":null}},{"type":"Feature","geometry":{"type":"Point","coordinates":[17.6445,59.3421667]},"properties":{"kind":"rock","waterLevel":"submerged","name":null}},{"type":"Feature","geometry":{"type":"Point","coordinates":[18.4656667,58.9608333]},"properties":{"kind":"rock","waterLevel":"awash","name":null}},{"type":"Feature","geometry":{"type":"Point","coordinates":[18.4648333,58.9620833]},"properties":{"kind":"rock","waterLevel":"submerged","name":null}},{"type":"Feature","geometry":{"type":"Point","coordinates":[16.8509,58.61775]},"properties":{"kind":"rock","waterLevel":"submerged","name":null}},{"type":"Feature","geometry":{"type":"Point","coordinates":[19.9524848,59.9627003]},"properties":{"kind":"obstruction","waterLevel":null,"name":null}},{"type":"Feature","geometry":{"type":"Point","coordinates":[19.952116,59.9625728]},"properties":{"kind":"obstruction","waterLevel":null,"name":null}},{"type":"Feature","geometry":{"type":"Point","coordinates":[19.953492,59.964196]},"properties":{"kind":"obstruction","waterLevel":null,"name":null}},{"type":"Feature","geometry":{"type":"Point","coordinates":[19.9529824,59.9639718]},"properties":{"kind":"obstruction","waterLevel":null,"name":null}},{"type":"Feature","geometry":{"type":"Point","coordinates":[19.9524191,59.9639113]},"properties":{"kind":"obstruction","waterLevel":null,"name":null}},{"type":"Feature","geometry":{"type":"Point","coordinates":[19.9517834,59.9636992]},"properties":{"kind":"obstruction","waterLevel":null,"name":null}},{"type":"Feature","geometry":{"type":"Point","coordinates":[19.9515071,59.9630695]},"properties":{"kind":"obstruction","waterLevel":null,"name":null}},{"type":"Feature","geometry":{"type":"Point","coordinates":[19.9516037,59.9633542]},"properties":{"kind":"obstruction","waterLevel":null,"name":null}},{"type":"Feature","geometry":{"type":"Point","coordinates":[19.9510404,59.9632964]},"properties":{"kind":"obstruction","waterLevel":null,"name":null}},{"type":"Feature","geometry":{"type":"Point","coordinates":[19.950386,59.9630816]},"properties":{"kind":"obstruction","waterLevel":null,"name":null}},{"type":"Feature","geometry":{"type":"Point","coordinates":[19.9507588,59.9630575]},"properties":{"kind":"obstruction","waterLevel":null,"name":null}},{"type":"Feature","geometry":{"type":"Point","coordinates":[19.9507327,59.9639097]},"properties":{"kind":"obstruction","waterLevel":null,"name":null}},{"type":"Feature","geometry":{"type":"Point","coordinates":[19.9510203,59.9638288]},"properties":{"kind":"obstruction","waterLevel":null,"name":null}},{"type":"Feature","geometry":{"type":"Point","coordinates":[19.9487633,59.9637888]},"properties":{"kind":"obstruction","waterLevel":null,"name":null}},{"type":"Feature","geometry":{"type":"Point","coordinates":[19.9491978,59.9636955]},"properties":{"kind":"obstruction","waterLevel":null,"name":null}},{"type":"Feature","geometry":{"type":"Point","coordinates":[19.95372,59.9651532]},"properties":{"kind":"obstruction","waterLevel":null,"name":null}},{"type":"Feature","geometry":{"type":"Point","coordinates":[19.9499635,59.9666675]},"properties":{"kind":"obstruction","waterLevel":null,"name":null}},{"type":"Feature","geometry":{"type":"Point","coordinates":[19.9495317,59.9667501]},"properties":{"kind":"obstruction","waterLevel":null,"name":null}},{"type":"Feature","geometry":{"type":"Point","coordinates":[19.950221,59.9669783]},"properties":{"kind":"obstruction","waterLevel":null,"name":null}},{"type":"Feature","geometry":{"type":"Point","coordinates":[19.9505536,59.9670266]},"properties":{"kind":"obstruction","waterLevel":null,"name":null}},{"type":"Feature","geometry":{"type":"Point","coordinates":[19.9511551,59.8423713]},"properties":{"kind":"obstruction","waterLevel":null,"name":null}},{"type":"Feature","geometry":{"type":"Point","coordinates":[19.9504752,59.8423703]},"properties":{"kind":"obstruction","waterLevel":null,"name":null}},{"type":"Feature","geometry":{"type":"Point","coordinates":[19.9482784,59.8424248]},"properties":{"kind":"obstruction","waterLevel":null,"name":null}},{"type":"Feature","geometry":{"type":"Point","coordinates":[19.9495904,59.8425756]},"properties":{"kind":"obstruction","waterLevel":null,"name":null}},{"type":"Feature","geometry":{"type":"Point","coordinates":[19.9490248,59.8425446]},"properties":{"kind":"obstruction","waterLevel":null,"name":null}},{"type":"Feature","geometry":{"type":"Point","coordinates":[19.9485845,59.8425838]},"properties":{"kind":"obstruction","waterLevel":null,"name":null}},{"type":"Feature","geometry":{"type":"Point","coordinates":[20.0333601,60.0071396]},"properties":{"kind":"obstruction","waterLevel":null,"name":null}},{"type":"Feature","geometry":{"type":"Point","coordinates":[20.0331147,60.0071899]},"properties":{"kind":"obstruction","waterLevel":null,"name":null}},{"type":"Feature","geometry":{"type":"Point","coordinates":[20.0315925,60.0072449]},"properties":{"kind":"obstruction","waterLevel":null,"name":null}},{"type":"Feature","geometry":{"type":"Point","coordinates":[19.5297002,59.4529391]},"properties":{"kind":"rock","waterLevel":null,"name":"Haken"}},{"type":"Feature","geometry":{"type":"Point","coordinates":[19.5595693,59.4602779]},"properties":{"kind":"rock","waterLevel":null,"name":"Nyckeln"}},{"type":"Feature","geometry":{"type":"Point","coordinates":[19.5504283,59.4528192]},"properties":{"kind":"rock","waterLevel":null,"name":"Vitberget"}},{"type":"Feature","geometry":{"type":"Point","coordinates":[19.5796107,59.4467768]},"properties":{"kind":"rock","waterLevel":null,"name":"Inre Åbäran"}},{"type":"Feature","geometry":{"type":"Point","coordinates":[19.6203803,59.4532772]},"properties":{"kind":"rock","waterLevel":null,"name":"Yttre Åbäran"}},{"type":"Feature","geometry":{"type":"Point","coordinates":[19.5644188,59.4753866]},"properties":{"kind":"rock","waterLevel":null,"name":"Östra Norrgrund"}},{"type":"Feature","geometry":{"type":"Point","coordinates":[19.4343423,59.5199975]},"properties":{"kind":"rock","waterLevel":null,"name":null}},{"type":"Feature","geometry":{"type":"Point","coordinates":[19.4357156,59.5201499]},"properties":{"kind":"rock","waterLevel":null,"name":null}},{"type":"Feature","geometry":{"type":"Point","coordinates":[19.4367456,59.5212601]},"properties":{"kind":"rock","waterLevel":null,"name":null}},{"type":"Feature","geometry":{"type":"Point","coordinates":[19.4373893,59.5232626]},"properties":{"kind":"rock","waterLevel":null,"name":null}},{"type":"Feature","geometry":{"type":"Point","coordinates":[19.4438266,59.5223049]},"properties":{"kind":"rock","waterLevel":null,"name":null}},{"type":"Feature","geometry":{"type":"Point","coordinates":[19.4408655,59.517124]},"properties":{"kind":"rock","waterLevel":null,"name":null}},{"type":"Feature","geometry":{"type":"Point","coordinates":[19.4398355,59.5177771]},"properties":{"kind":"rock","waterLevel":null,"name":null}},{"type":"Feature","geometry":{"type":"Point","coordinates":[19.4403076,59.5229144]},"properties":{"kind":"rock","waterLevel":null,"name":null}},{"type":"Feature","geometry":{"type":"Point","coordinates":[19.4681596,59.5275285]},"properties":{"kind":"rock","waterLevel":null,"name":null}},{"type":"Feature","geometry":{"type":"Point","coordinates":[19.4764852,59.5263315]},"properties":{"kind":"rock","waterLevel":null,"name":null}},{"type":"Feature","geometry":{"type":"Point","coordinates":[19.5086717,59.538365]},"properties":{"kind":"rock","waterLevel":null,"name":null}},{"type":"Feature","geometry":{"type":"Point","coordinates":[19.4938659,59.526658]},"properties":{"kind":"rock","waterLevel":null,"name":null}},{"type":"Feature","geometry":{"type":"Point","coordinates":[19.4939518,59.5291172]},"properties":{"kind":"rock","waterLevel":null,"name":null}},{"type":"Feature","geometry":{"type":"Point","coordinates":[19.4964408,59.5308146]},"properties":{"kind":"rock","waterLevel":null,"name":null}},{"type":"Feature","geometry":{"type":"Point","coordinates":[19.4883728,59.5319462]},"properties":{"kind":"rock","waterLevel":null,"name":null}},{"type":"Feature","geometry":{"type":"Point","coordinates":[19.4603276,59.5363198]},"properties":{"kind":"rock","waterLevel":null,"name":null}},{"type":"Feature","geometry":{"type":"Point","coordinates":[19.4601559,59.535221]},"properties":{"kind":"rock","waterLevel":null,"name":null}},{"type":"Feature","geometry":{"type":"Point","coordinates":[19.4570875,59.5341548]},"properties":{"kind":"rock","waterLevel":null,"name":null}},{"type":"Feature","geometry":{"type":"Point","coordinates":[19.4469166,59.5356018]},"properties":{"kind":"rock","waterLevel":null,"name":null}},{"type":"Feature","geometry":{"type":"Point","coordinates":[19.4729876,59.5455547]},"properties":{"kind":"rock","waterLevel":null,"name":null}},{"type":"Feature","geometry":{"type":"Point","coordinates":[19.4721722,59.5460441]},"properties":{"kind":"rock","waterLevel":null,"name":null}},{"type":"Feature","geometry":{"type":"Point","coordinates":[19.4688892,59.5457396]},"properties":{"kind":"rock","waterLevel":null,"name":null}},{"type":"Feature","geometry":{"type":"Point","coordinates":[19.4695329,59.5469468]},"properties":{"kind":"rock","waterLevel":null,"name":null}},{"type":"Feature","geometry":{"type":"Point","coordinates":[19.4839954,59.5407037]},"properties":{"kind":"rock","waterLevel":null,"name":null}},{"type":"Feature","geometry":{"type":"Point","coordinates":[19.4868064,59.5403774]},"properties":{"kind":"rock","waterLevel":null,"name":null}},{"type":"Feature","geometry":{"type":"Point","coordinates":[19.4856262,59.5380495]},"properties":{"kind":"rock","waterLevel":null,"name":null}},{"type":"Feature","geometry":{"type":"Point","coordinates":[19.4808519,59.5413237]},"properties":{"kind":"rock","waterLevel":null,"name":null}},{"type":"Feature","geometry":{"type":"Point","coordinates":[19.4801545,59.5408451]},"properties":{"kind":"rock","waterLevel":null,"name":null}},{"type":"Feature","geometry":{"type":"Point","coordinates":[19.4799077,59.5400837]},"properties":{"kind":"rock","waterLevel":null,"name":null}},{"type":"Feature","geometry":{"type":"Point","coordinates":[19.4794357,59.5399803]},"properties":{"kind":"rock","waterLevel":null,"name":null}},{"type":"Feature","geometry":{"type":"Point","coordinates":[19.4802081,59.5397356]},"properties":{"kind":"rock","waterLevel":null,"name":null}},{"type":"Feature","geometry":{"type":"Point","coordinates":[19.4796502,59.5395561]},"properties":{"kind":"rock","waterLevel":null,"name":null}},{"type":"Feature","geometry":{"type":"Point","coordinates":[19.471035,59.5345465]},"properties":{"kind":"rock","waterLevel":null,"name":null}},{"type":"Feature","geometry":{"type":"Point","coordinates":[19.4751549,59.5326969]},"properties":{"kind":"rock","waterLevel":null,"name":null}},{"type":"Feature","geometry":{"type":"Point","coordinates":[19.4738674,59.5326425]},"properties":{"kind":"rock","waterLevel":null,"name":null}},{"type":"Feature","geometry":{"type":"Point","coordinates":[19.4727731,59.532871]},"properties":{"kind":"rock","waterLevel":null,"name":null}},{"type":"Feature","geometry":{"type":"Point","coordinates":[19.4785452,59.5364938]},"properties":{"kind":"rock","waterLevel":null,"name":null}},{"type":"Feature","geometry":{"type":"Point","coordinates":[19.4738674,59.535939]},"properties":{"kind":"rock","waterLevel":null,"name":null}},{"type":"Feature","geometry":{"type":"Point","coordinates":[19.4752192,59.5379189]},"properties":{"kind":"rock","waterLevel":null,"name":null}},{"type":"Feature","geometry":{"type":"Point","coordinates":[19.4739318,59.5383867]},"properties":{"kind":"rock","waterLevel":null,"name":null}},{"type":"Feature","geometry":{"type":"Point","coordinates":[19.4747472,59.5403665]},"properties":{"kind":"rock","waterLevel":null,"name":null}},{"type":"Feature","geometry":{"type":"Point","coordinates":[19.4750047,59.5403338]},"properties":{"kind":"rock","waterLevel":null,"name":null}},{"type":"Feature","geometry":{"type":"Point","coordinates":[19.4670224,59.5336217]},"properties":{"kind":"rock","waterLevel":null,"name":null}},{"type":"Feature","geometry":{"type":"Point","coordinates":[19.4667005,59.5331539]},"properties":{"kind":"rock","waterLevel":null,"name":null}},{"type":"Feature","geometry":{"type":"Point","coordinates":[19.4663143,59.5327513]},"properties":{"kind":"rock","waterLevel":null,"name":null}},{"type":"Feature","geometry":{"type":"Point","coordinates":[19.4609713,59.5302597]},"properties":{"kind":"rock","waterLevel":null,"name":null}},{"type":"Feature","geometry":{"type":"Point","coordinates":[19.4516802,59.533415]},"properties":{"kind":"rock","waterLevel":null,"name":null}},{"type":"Feature","geometry":{"type":"Point","coordinates":[19.4543838,59.5382344]},"properties":{"kind":"rock","waterLevel":null,"name":null}},{"type":"Feature","geometry":{"type":"Point","coordinates":[19.4553279,59.5371466]},"properties":{"kind":"rock","waterLevel":null,"name":null}},{"type":"Feature","geometry":{"type":"Point","coordinates":[19.4538259,59.5378428]},"properties":{"kind":"rock","waterLevel":null,"name":null}},{"type":"Feature","geometry":{"type":"Point","coordinates":[19.4607353,59.5466096]},"properties":{"kind":"rock","waterLevel":null,"name":null}},{"type":"Feature","geometry":{"type":"Point","coordinates":[19.460392,59.5454133]},"properties":{"kind":"rock","waterLevel":null,"name":null}},{"type":"Feature","geometry":{"type":"Point","coordinates":[19.4519805,59.544826]},"properties":{"kind":"rock","waterLevel":null,"name":null}},{"type":"Feature","geometry":{"type":"Point","coordinates":[19.4540405,59.5492632]},"properties":{"kind":"rock","waterLevel":null,"name":null}},{"type":"Feature","geometry":{"type":"Point","coordinates":[19.4445991,59.5475014]},"properties":{"kind":"rock","waterLevel":null,"name":null}},{"type":"Feature","geometry":{"type":"Point","coordinates":[19.4406509,59.54289]},"properties":{"kind":"rock","waterLevel":null,"name":null}},{"type":"Feature","geometry":{"type":"Point","coordinates":[19.444127,59.5400837]},"properties":{"kind":"rock","waterLevel":null,"name":null}},{"type":"Feature","geometry":{"type":"Point","coordinates":[19.4408655,59.5373206]},"properties":{"kind":"rock","waterLevel":null,"name":null}},{"type":"Feature","geometry":{"type":"Point","coordinates":[19.4380331,59.5329472]},"properties":{"kind":"rock","waterLevel":null,"name":null}},{"type":"Feature","geometry":{"type":"Point","coordinates":[19.4341707,59.5299877]},"properties":{"kind":"rock","waterLevel":null,"name":null}},{"type":"Feature","geometry":{"type":"Point","coordinates":[18.9843333,59.8576667]},"properties":{"kind":"rock","waterLevel":"submerged","name":null}},{"type":"Feature","geometry":{"type":"Point","coordinates":[17.059,59.4396667]},"properties":{"kind":"rock","waterLevel":"submerged","name":null}},{"type":"Feature","geometry":{"type":"Point","coordinates":[19.9336886,59.8411154]},"properties":{"kind":"obstruction","waterLevel":null,"name":null}},{"type":"Feature","geometry":{"type":"Point","coordinates":[19.9382329,59.8372174]},"properties":{"kind":"obstruction","waterLevel":null,"name":null}},{"type":"Feature","geometry":{"type":"Point","coordinates":[19.9390376,59.8371136]},"properties":{"kind":"obstruction","waterLevel":null,"name":null}},{"type":"Feature","geometry":{"type":"Point","coordinates":[19.5984611,60.1693836]},"properties":{"kind":"rock","waterLevel":"awash","name":null}},{"type":"Feature","geometry":{"type":"Point","coordinates":[19.6099905,60.1534516]},"properties":{"kind":"rock","waterLevel":"submerged","name":null}},{"type":"Feature","geometry":{"type":"Point","coordinates":[19.6101167,60.1534521]},"properties":{"kind":"rock","waterLevel":"awash","name":null}},{"type":"Feature","geometry":{"type":"Point","coordinates":[19.609713,60.1535506]},"properties":{"kind":"rock","waterLevel":"submerged","name":null}},{"type":"Feature","geometry":{"type":"Point","coordinates":[17.6566078,59.4675878]},"properties":{"kind":"rock","waterLevel":"submerged","name":null}},{"type":"Feature","geometry":{"type":"Point","coordinates":[17.6579992,59.4656412]},"properties":{"kind":"rock","waterLevel":"submerged","name":null}},{"type":"Feature","geometry":{"type":"Point","coordinates":[17.6575935,59.4666871]},"properties":{"kind":"rock","waterLevel":"awash","name":null}},{"type":"Feature","geometry":{"type":"Point","coordinates":[17.6584451,59.4663842]},"properties":{"kind":"rock","waterLevel":"submerged","name":null}},{"type":"Feature","geometry":{"type":"Point","coordinates":[17.7573019,59.4340614]},"properties":{"kind":"rock","waterLevel":"submerged","name":null}},{"type":"Feature","geometry":{"type":"Point","coordinates":[17.7571088,59.4341691]},"properties":{"kind":"rock","waterLevel":"submerged","name":null}},{"type":"Feature","geometry":{"type":"Point","coordinates":[17.7565469,59.4339625]},"properties":{"kind":"rock","waterLevel":"submerged","name":null}},{"type":"Feature","geometry":{"type":"Point","coordinates":[17.7748771,59.4569849]},"properties":{"kind":"rock","waterLevel":"awash","name":null}},{"type":"Feature","geometry":{"type":"Point","coordinates":[17.4388842,59.4437685]},"properties":{"kind":"rock","waterLevel":"awash","name":"Sparin"}},{"type":"Feature","geometry":{"type":"Point","coordinates":[18.2812167,59.108]},"properties":{"kind":"rock","waterLevel":"submerged","name":null}},{"type":"Feature","geometry":{"type":"Point","coordinates":[16.6959333,59.4790333]},"properties":{"kind":"rock","waterLevel":"awash","name":null}},{"type":"Feature","geometry":{"type":"Point","coordinates":[18.38045,59.2557167]},"properties":{"kind":"rock","waterLevel":"submerged","name":null}},{"type":"Feature","geometry":{"type":"Point","coordinates":[18.7236667,59.6141667]},"properties":{"kind":"rock","waterLevel":"submerged","name":null}},{"type":"Feature","geometry":{"type":"Point","coordinates":[18.0977833,59.3903333]},"properties":{"kind":"rock","waterLevel":"submerged","name":null}},{"type":"Feature","geometry":{"type":"Point","coordinates":[18.8370667,59.7779]},"properties":{"kind":"rock","waterLevel":"submerged","name":null}},{"type":"Feature","geometry":{"type":"Point","coordinates":[18.08025,59.0275667]},"properties":{"kind":"rock","waterLevel":"submerged","name":null}},{"type":"Feature","geometry":{"type":"Point","coordinates":[19.003,59.839]},"properties":{"kind":"rock","waterLevel":"submerged","name":null}},{"type":"Feature","geometry":{"type":"Point","coordinates":[19.0055,59.8381667]},"properties":{"kind":"rock","waterLevel":"submerged","name":null}},{"type":"Feature","geometry":{"type":"Point","coordinates":[17.3329333,59.4349167]},"properties":{"kind":"wreck","waterLevel":null,"name":null}},{"type":"Feature","geometry":{"type":"Point","coordinates":[17.6701667,59.1361667]},"properties":{"kind":"rock","waterLevel":"awash","name":null}},{"type":"Feature","geometry":{"type":"Point","coordinates":[17.6700833,59.13585]},"properties":{"kind":"rock","waterLevel":"awash","name":null}},{"type":"Feature","geometry":{"type":"Point","coordinates":[17.9915856,59.3165494]},"properties":{"kind":"rock","waterLevel":"awash","name":null}},{"type":"Feature","geometry":{"type":"Point","coordinates":[17.7650416,59.449267]},"properties":{"kind":"rock","waterLevel":"submerged","name":"Lekaren"}},{"type":"Feature","geometry":{"type":"Point","coordinates":[17.9437821,58.864929]},"properties":{"kind":"rock","waterLevel":"submerged","name":"Pigbådan"}},{"type":"Feature","geometry":{"type":"Point","coordinates":[17.9438333,58.8646944]},"properties":{"kind":"rock","waterLevel":"submerged","name":null}},{"type":"Feature","geometry":{"type":"Point","coordinates":[17.9437778,58.8653611]},"properties":{"kind":"rock","waterLevel":"submerged","name":null}},{"type":"Feature","geometry":{"type":"Point","coordinates":[17.9200615,58.8587947]},"properties":{"kind":"rock","waterLevel":"awash","name":null}},{"type":"Feature","geometry":{"type":"Point","coordinates":[17.9098824,58.8511945]},"properties":{"kind":"rock","waterLevel":"awash","name":null}},{"type":"Feature","geometry":{"type":"Point","coordinates":[17.8795055,58.8452109]},"properties":{"kind":"rock","waterLevel":"awash","name":null}},{"type":"Feature","geometry":{"type":"Point","coordinates":[17.8874375,58.8322926]},"properties":{"kind":"rock","waterLevel":"submerged","name":null}},{"type":"Feature","geometry":{"type":"Point","coordinates":[17.8818534,58.8249077]},"properties":{"kind":"rock","waterLevel":"submerged","name":null}},{"type":"Feature","geometry":{"type":"Point","coordinates":[17.8818602,58.8248486]},"properties":{"kind":"rock","waterLevel":"submerged","name":null}},{"type":"Feature","geometry":{"type":"Point","coordinates":[17.8849116,58.8279934]},"properties":{"kind":"rock","waterLevel":"covers","name":null}},{"type":"Feature","geometry":{"type":"Point","coordinates":[17.8848442,58.8277896]},"properties":{"kind":"rock","waterLevel":"awash","name":null}},{"type":"Feature","geometry":{"type":"Point","coordinates":[17.8824872,58.8299176]},"properties":{"kind":"rock","waterLevel":"awash","name":null}},{"type":"Feature","geometry":{"type":"Point","coordinates":[17.8833064,58.8296599]},"properties":{"kind":"rock","waterLevel":"awash","name":null}},{"type":"Feature","geometry":{"type":"Point","coordinates":[17.8534281,58.8750817]},"properties":{"kind":"rock","waterLevel":"submerged","name":null}},{"type":"Feature","geometry":{"type":"Point","coordinates":[17.8539373,58.8760578]},"properties":{"kind":"rock","waterLevel":"submerged","name":null}},{"type":"Feature","geometry":{"type":"Point","coordinates":[17.8530177,58.8757763]},"properties":{"kind":"rock","waterLevel":"submerged","name":null}},{"type":"Feature","geometry":{"type":"Point","coordinates":[17.8551586,58.8760389]},"properties":{"kind":"rock","waterLevel":"awash","name":null}},{"type":"Feature","geometry":{"type":"Point","coordinates":[17.8525685,58.8775249]},"properties":{"kind":"rock","waterLevel":"submerged","name":null}},{"type":"Feature","geometry":{"type":"Point","coordinates":[17.8526303,58.8775993]},"properties":{"kind":"rock","waterLevel":"submerged","name":null}},{"type":"Feature","geometry":{"type":"Point","coordinates":[17.8523397,58.8783174]},"properties":{"kind":"rock","waterLevel":"awash","name":null}},{"type":"Feature","geometry":{"type":"Point","coordinates":[17.8607191,58.8832621]},"properties":{"kind":"rock","waterLevel":"awash","name":null}},{"type":"Feature","geometry":{"type":"Point","coordinates":[17.9374686,59.3166327]},"properties":{"kind":"rock","waterLevel":"awash","name":null}},{"type":"Feature","geometry":{"type":"Point","coordinates":[17.9379668,59.3160502]},"properties":{"kind":"rock","waterLevel":"awash","name":null}},{"type":"Feature","geometry":{"type":"Point","coordinates":[17.9379628,59.3159928]},"properties":{"kind":"rock","waterLevel":"awash","name":null}},{"type":"Feature","geometry":{"type":"Point","coordinates":[17.9380248,59.3159831]},"properties":{"kind":"rock","waterLevel":"awash","name":null}},{"type":"Feature","geometry":{"type":"Point","coordinates":[17.9334024,59.313041]},"properties":{"kind":"rock","waterLevel":"awash","name":null}},{"type":"Feature","geometry":{"type":"Point","coordinates":[17.9380707,59.3132552]},"properties":{"kind":"rock","waterLevel":"awash","name":null}},{"type":"Feature","geometry":{"type":"Point","coordinates":[17.9425688,59.3124387]},"properties":{"kind":"rock","waterLevel":"awash","name":null}},{"type":"Feature","geometry":{"type":"Point","coordinates":[17.9428759,59.3126085]},"properties":{"kind":"rock","waterLevel":"awash","name":null}},{"type":"Feature","geometry":{"type":"Point","coordinates":[17.9428075,59.3124319]},"properties":{"kind":"rock","waterLevel":"awash","name":null}},{"type":"Feature","geometry":{"type":"Point","coordinates":[17.9550384,59.3145457]},"properties":{"kind":"rock","waterLevel":"awash","name":null}},{"type":"Feature","geometry":{"type":"Point","coordinates":[17.9546817,59.3145464]},"properties":{"kind":"rock","waterLevel":"awash","name":null}},{"type":"Feature","geometry":{"type":"Point","coordinates":[17.8512624,59.3504047]},"properties":{"kind":"rock","waterLevel":"submerged","name":null}},{"type":"Feature","geometry":{"type":"Point","coordinates":[17.8489262,59.3511348]},"properties":{"kind":"rock","waterLevel":"submerged","name":null}},{"type":"Feature","geometry":{"type":"Point","coordinates":[17.8487673,59.3512644]},"properties":{"kind":"rock","waterLevel":"submerged","name":null}},{"type":"Feature","geometry":{"type":"Point","coordinates":[17.7350094,59.3960084]},"properties":{"kind":"rock","waterLevel":"awash","name":null}},{"type":"Feature","geometry":{"type":"Point","coordinates":[17.6444996,59.4641995]},"properties":{"kind":"rock","waterLevel":"awash","name":null}},{"type":"Feature","geometry":{"type":"Point","coordinates":[17.6444393,59.4639933]},"properties":{"kind":"rock","waterLevel":"awash","name":null}},{"type":"Feature","geometry":{"type":"Point","coordinates":[19.897,60.04305]},"properties":{"kind":"wreck","waterLevel":null,"name":"Plus"}},{"type":"Feature","geometry":{"type":"Point","coordinates":[17.91055,58.8958333]},"properties":{"kind":"rock","waterLevel":"submerged","name":null}},{"type":"Feature","geometry":{"type":"Point","coordinates":[18.92145,59.8910167]},"properties":{"kind":"rock","waterLevel":"submerged","name":null}},{"type":"Feature","geometry":{"type":"Point","coordinates":[17.6024432,58.8521038]},"properties":{"kind":"rock","waterLevel":"submerged","name":null}},{"type":"Feature","geometry":{"type":"Point","coordinates":[18.807,59.6678333]},"properties":{"kind":"rock","waterLevel":"awash","name":null}},{"type":"Feature","geometry":{"type":"Point","coordinates":[18.9305484,59.8936216]},"properties":{"kind":"rock","waterLevel":"awash","name":null}},{"type":"Feature","geometry":{"type":"Point","coordinates":[17.0204947,59.5282634]},"properties":{"kind":"rock","waterLevel":"awash","name":null}},{"type":"Feature","geometry":{"type":"Point","coordinates":[17.0238013,59.5273083]},"properties":{"kind":"rock","waterLevel":"awash","name":null}},{"type":"Feature","geometry":{"type":"Point","coordinates":[17.0257173,59.5271717]},"properties":{"kind":"rock","waterLevel":"awash","name":null}},{"type":"Feature","geometry":{"type":"Point","coordinates":[17.0234729,59.527371]},"properties":{"kind":"rock","waterLevel":"submerged","name":null}},{"type":"Feature","geometry":{"type":"Point","coordinates":[17.0231442,59.5275224]},"properties":{"kind":"rock","waterLevel":"submerged","name":null}},{"type":"Feature","geometry":{"type":"Point","coordinates":[17.0197469,59.5286283]},"properties":{"kind":"rock","waterLevel":"submerged","name":null}},{"type":"Feature","geometry":{"type":"Point","coordinates":[17.0227767,59.529822]},"properties":{"kind":"rock","waterLevel":"submerged","name":null}},{"type":"Feature","geometry":{"type":"Point","coordinates":[17.0226495,59.5299393]},"properties":{"kind":"rock","waterLevel":"submerged","name":null}},{"type":"Feature","geometry":{"type":"Point","coordinates":[17.0223581,59.5299747]},"properties":{"kind":"rock","waterLevel":"submerged","name":null}},{"type":"Feature","geometry":{"type":"Point","coordinates":[17.0222234,59.529853]},"properties":{"kind":"rock","waterLevel":"submerged","name":null}},{"type":"Feature","geometry":{"type":"Point","coordinates":[16.9981097,59.5312925]},"properties":{"kind":"rock","waterLevel":"submerged","name":null}},{"type":"Feature","geometry":{"type":"Point","coordinates":[16.9948617,59.5309637]},"properties":{"kind":"rock","waterLevel":"awash","name":null}},{"type":"Feature","geometry":{"type":"Point","coordinates":[16.9944884,59.5309708]},"properties":{"kind":"rock","waterLevel":"awash","name":null}},{"type":"Feature","geometry":{"type":"Point","coordinates":[18.4824183,60.1737144]},"properties":{"kind":"wreck","waterLevel":null,"name":"Skeppskyrkogården vid Glöten"}},{"type":"Feature","geometry":{"type":"Point","coordinates":[18.354942,59.4376995]},"properties":{"kind":"wreck","waterLevel":null,"name":null}},{"type":"Feature","geometry":{"type":"Point","coordinates":[17.9554059,58.8977876]},"properties":{"kind":"rock","waterLevel":"awash","name":null}},{"type":"Feature","geometry":{"type":"Point","coordinates":[17.9543971,58.8973299]},"properties":{"kind":"rock","waterLevel":"awash","name":null}},{"type":"Feature","geometry":{"type":"Point","coordinates":[17.9499054,58.8977523]},"properties":{"kind":"rock","waterLevel":"submerged","name":null}},{"type":"Feature","geometry":{"type":"Point","coordinates":[17.9636031,58.8790895]},"properties":{"kind":"rock","waterLevel":"submerged","name":null}},{"type":"Feature","geometry":{"type":"Point","coordinates":[17.9754224,58.8873753]},"properties":{"kind":"rock","waterLevel":"awash","name":null}},{"type":"Feature","geometry":{"type":"Point","coordinates":[17.9764914,58.8885134]},"properties":{"kind":"rock","waterLevel":"awash","name":null}},{"type":"Feature","geometry":{"type":"Point","coordinates":[17.9749397,58.8876468]},"properties":{"kind":"rock","waterLevel":"dry","name":null}},{"type":"Feature","geometry":{"type":"Point","coordinates":[17.9743095,58.8864412]},"properties":{"kind":"rock","waterLevel":"awash","name":null}},{"type":"Feature","geometry":{"type":"Point","coordinates":[17.9744892,58.8854821]},"properties":{"kind":"rock","waterLevel":"awash","name":null}},{"type":"Feature","geometry":{"type":"Point","coordinates":[17.9729197,58.8671162]},"properties":{"kind":"rock","waterLevel":"awash","name":null}},{"type":"Feature","geometry":{"type":"Point","coordinates":[17.9692168,58.866251]},"properties":{"kind":"rock","waterLevel":"submerged","name":null}},{"type":"Feature","geometry":{"type":"Point","coordinates":[17.9695489,58.8660482]},"properties":{"kind":"rock","waterLevel":"awash","name":null}},{"type":"Feature","geometry":{"type":"Point","coordinates":[17.9691228,58.8622665]},"properties":{"kind":"rock","waterLevel":"submerged","name":null}},{"type":"Feature","geometry":{"type":"Point","coordinates":[17.9709192,58.8648339]},"properties":{"kind":"rock","waterLevel":"submerged","name":null}},{"type":"Feature","geometry":{"type":"Point","coordinates":[17.9756735,58.8714152]},"properties":{"kind":"rock","waterLevel":"awash","name":null}},{"type":"Feature","geometry":{"type":"Point","coordinates":[17.975356,58.8713332]},"properties":{"kind":"rock","waterLevel":"awash","name":null}},{"type":"Feature","geometry":{"type":"Point","coordinates":[17.9750248,58.8704877]},"properties":{"kind":"rock","waterLevel":"awash","name":null}},{"type":"Feature","geometry":{"type":"Point","coordinates":[17.9522992,58.8872122]},"properties":{"kind":"rock","waterLevel":"awash","name":null}},{"type":"Feature","geometry":{"type":"Point","coordinates":[17.9523396,58.8879737]},"properties":{"kind":"rock","waterLevel":"awash","name":null}},{"type":"Feature","geometry":{"type":"Point","coordinates":[17.9528846,58.8881875]},"properties":{"kind":"rock","waterLevel":"awash","name":null}},{"type":"Feature","geometry":{"type":"Point","coordinates":[17.9545786,58.8800373]},"properties":{"kind":"rock","waterLevel":"awash","name":null}},{"type":"Feature","geometry":{"type":"Point","coordinates":[17.9522008,58.8807052]},"properties":{"kind":"rock","waterLevel":"awash","name":null}},{"type":"Feature","geometry":{"type":"Point","coordinates":[17.9519579,58.8787619]},"properties":{"kind":"rock","waterLevel":"submerged","name":null}},{"type":"Feature","geometry":{"type":"Point","coordinates":[17.9519026,58.8794453]},"properties":{"kind":"rock","waterLevel":"submerged","name":null}},{"type":"Feature","geometry":{"type":"Point","coordinates":[17.9550162,58.8730906]},"properties":{"kind":"rock","waterLevel":"submerged","name":null}},{"type":"Feature","geometry":{"type":"Point","coordinates":[17.9550107,58.87327]},"properties":{"kind":"rock","waterLevel":"submerged","name":null}},{"type":"Feature","geometry":{"type":"Point","coordinates":[17.9552657,58.8731186]},"properties":{"kind":"rock","waterLevel":"submerged","name":null}},{"type":"Feature","geometry":{"type":"Point","coordinates":[17.9520194,58.8788945]},"properties":{"kind":"rock","waterLevel":"submerged","name":null}},{"type":"Feature","geometry":{"type":"Point","coordinates":[17.9526239,58.8804853]},"properties":{"kind":"rock","waterLevel":"submerged","name":null}},{"type":"Feature","geometry":{"type":"Point","coordinates":[17.9523189,58.8805254]},"properties":{"kind":"rock","waterLevel":"submerged","name":null}},{"type":"Feature","geometry":{"type":"Point","coordinates":[17.9532506,58.8886646]},"properties":{"kind":"rock","waterLevel":"submerged","name":null}},{"type":"Feature","geometry":{"type":"Point","coordinates":[17.953234,58.8883379]},"properties":{"kind":"rock","waterLevel":"submerged","name":null}},{"type":"Feature","geometry":{"type":"Point","coordinates":[17.9524354,58.8877419]},"properties":{"kind":"rock","waterLevel":"submerged","name":null}},{"type":"Feature","geometry":{"type":"Point","coordinates":[17.9523965,58.8878995]},"properties":{"kind":"rock","waterLevel":"submerged","name":null}},{"type":"Feature","geometry":{"type":"Point","coordinates":[17.9526627,58.8874983]},"properties":{"kind":"rock","waterLevel":"submerged","name":null}},{"type":"Feature","geometry":{"type":"Point","coordinates":[17.953051,58.8880055]},"properties":{"kind":"rock","waterLevel":"submerged","name":null}},{"type":"Feature","geometry":{"type":"Point","coordinates":[17.9573096,58.8730515]},"properties":{"kind":"rock","waterLevel":"submerged","name":null}},{"type":"Feature","geometry":{"type":"Point","coordinates":[17.9573295,58.8729795]},"properties":{"kind":"rock","waterLevel":"submerged","name":null}},{"type":"Feature","geometry":{"type":"Point","coordinates":[17.9574091,58.8731686]},"properties":{"kind":"rock","waterLevel":"submerged","name":null}},{"type":"Feature","geometry":{"type":"Point","coordinates":[17.9581924,58.8716015]},"properties":{"kind":"rock","waterLevel":"submerged","name":null}},{"type":"Feature","geometry":{"type":"Point","coordinates":[17.9561975,58.8655534]},"properties":{"kind":"rock","waterLevel":"submerged","name":null}},{"type":"Feature","geometry":{"type":"Point","coordinates":[17.9554514,58.8649079]},"properties":{"kind":"rock","waterLevel":"submerged","name":null}},{"type":"Feature","geometry":{"type":"Point","coordinates":[17.9561772,58.8635958]},"properties":{"kind":"rock","waterLevel":"submerged","name":null}},{"type":"Feature","geometry":{"type":"Point","coordinates":[17.9560909,58.8634672]},"properties":{"kind":"rock","waterLevel":"awash","name":null}},{"type":"Feature","geometry":{"type":"Point","coordinates":[17.9561569,58.8637375]},"properties":{"kind":"rock","waterLevel":"awash","name":null}},{"type":"Feature","geometry":{"type":"Point","coordinates":[17.9561924,58.8639501]},"properties":{"kind":"rock","waterLevel":"submerged","name":null}},{"type":"Feature","geometry":{"type":"Point","coordinates":[17.9663086,58.8764324]},"properties":{"kind":"rock","waterLevel":"submerged","name":null}},{"type":"Feature","geometry":{"type":"Point","coordinates":[17.9659282,58.8762456]},"properties":{"kind":"rock","waterLevel":"awash","name":null}},{"type":"Feature","geometry":{"type":"Point","coordinates":[17.9660956,58.8761513]},"properties":{"kind":"rock","waterLevel":"submerged","name":null}},{"type":"Feature","geometry":{"type":"Point","coordinates":[17.9651137,58.8782903]},"properties":{"kind":"rock","waterLevel":"awash","name":null}},{"type":"Feature","geometry":{"type":"Point","coordinates":[17.961046,58.8776039]},"properties":{"kind":"rock","waterLevel":"submerged","name":null}},{"type":"Feature","geometry":{"type":"Point","coordinates":[17.9618412,58.8777375]},"properties":{"kind":"rock","waterLevel":"submerged","name":null}},{"type":"Feature","geometry":{"type":"Point","coordinates":[17.9615708,58.877756]},"properties":{"kind":"rock","waterLevel":"submerged","name":null}},{"type":"Feature","geometry":{"type":"Point","coordinates":[17.9686486,58.8860765]},"properties":{"kind":"rock","waterLevel":"submerged","name":null}},{"type":"Feature","geometry":{"type":"Point","coordinates":[17.9705652,58.8849978]},"properties":{"kind":"rock","waterLevel":"submerged","name":null}},{"type":"Feature","geometry":{"type":"Point","coordinates":[17.9719195,58.8806882]},"properties":{"kind":"rock","waterLevel":"submerged","name":null}},{"type":"Feature","geometry":{"type":"Point","coordinates":[17.9709884,58.880903]},"properties":{"kind":"rock","waterLevel":"submerged","name":null}},{"type":"Feature","geometry":{"type":"Point","coordinates":[17.9703358,58.8795904]},"properties":{"kind":"rock","waterLevel":"submerged","name":null}},{"type":"Feature","geometry":{"type":"Point","coordinates":[17.973312,58.883627]},"properties":{"kind":"rock","waterLevel":"submerged","name":null}},{"type":"Feature","geometry":{"type":"Point","coordinates":[17.9732343,58.8838735]},"properties":{"kind":"rock","waterLevel":"submerged","name":null}},{"type":"Feature","geometry":{"type":"Point","coordinates":[17.9725133,58.8869973]},"properties":{"kind":"rock","waterLevel":"submerged","name":null}},{"type":"Feature","geometry":{"type":"Point","coordinates":[17.9697626,58.8875647]},"properties":{"kind":"rock","waterLevel":"submerged","name":null}},{"type":"Feature","geometry":{"type":"Point","coordinates":[17.9697848,58.8876764]},"properties":{"kind":"rock","waterLevel":"submerged","name":null}},{"type":"Feature","geometry":{"type":"Point","coordinates":[17.9698901,58.8878025]},"properties":{"kind":"rock","waterLevel":"submerged","name":null}},{"type":"Feature","geometry":{"type":"Point","coordinates":[17.9700066,58.8879573]},"properties":{"kind":"rock","waterLevel":"submerged","name":null}},{"type":"Feature","geometry":{"type":"Point","coordinates":[17.9700066,58.8875733]},"properties":{"kind":"rock","waterLevel":"submerged","name":null}},{"type":"Feature","geometry":{"type":"Point","coordinates":[17.9713265,58.8889344]},"properties":{"kind":"rock","waterLevel":"submerged","name":null}},{"type":"Feature","geometry":{"type":"Point","coordinates":[17.9713154,58.8888542]},"properties":{"kind":"rock","waterLevel":"submerged","name":null}},{"type":"Feature","geometry":{"type":"Point","coordinates":[17.972408,58.8878971]},"properties":{"kind":"rock","waterLevel":"awash","name":null}},{"type":"Feature","geometry":{"type":"Point","coordinates":[17.9700343,58.887152]},"properties":{"kind":"rock","waterLevel":"awash","name":null}},{"type":"Feature","geometry":{"type":"Point","coordinates":[17.971566,58.8939519]},"properties":{"kind":"rock","waterLevel":"awash","name":null}},{"type":"Feature","geometry":{"type":"Point","coordinates":[17.9775148,58.8944029]},"properties":{"kind":"rock","waterLevel":"awash","name":null}},{"type":"Feature","geometry":{"type":"Point","coordinates":[17.9795166,58.8939883]},"properties":{"kind":"rock","waterLevel":"awash","name":null}},{"type":"Feature","geometry":{"type":"Point","coordinates":[17.9794671,58.8941278]},"properties":{"kind":"rock","waterLevel":"awash","name":null}},{"type":"Feature","geometry":{"type":"Point","coordinates":[17.9812982,58.8988344]},"properties":{"kind":"rock","waterLevel":"awash","name":null}},{"type":"Feature","geometry":{"type":"Point","coordinates":[17.9811569,58.8988602]},"properties":{"kind":"rock","waterLevel":"submerged","name":null}},{"type":"Feature","geometry":{"type":"Point","coordinates":[17.9811444,58.8989676]},"properties":{"kind":"rock","waterLevel":"submerged","name":null}},{"type":"Feature","geometry":{"type":"Point","coordinates":[17.9871419,58.8962833]},"properties":{"kind":"rock","waterLevel":"submerged","name":null}},{"type":"Feature","geometry":{"type":"Point","coordinates":[17.9873782,58.8963741]},"properties":{"kind":"rock","waterLevel":"submerged","name":null}},{"type":"Feature","geometry":{"type":"Point","coordinates":[17.9872267,58.8960924]},"properties":{"kind":"rock","waterLevel":"submerged","name":null}},{"type":"Feature","geometry":{"type":"Point","coordinates":[17.9771222,58.8997228]},"properties":{"kind":"rock","waterLevel":"submerged","name":null}},{"type":"Feature","geometry":{"type":"Point","coordinates":[17.9772034,58.8998636]},"properties":{"kind":"rock","waterLevel":"submerged","name":null}},{"type":"Feature","geometry":{"type":"Point","coordinates":[17.9774758,58.8998217]},"properties":{"kind":"rock","waterLevel":"submerged","name":null}},{"type":"Feature","geometry":{"type":"Point","coordinates":[17.9797293,58.9001935]},"properties":{"kind":"rock","waterLevel":"awash","name":null}},{"type":"Feature","geometry":{"type":"Point","coordinates":[17.9798033,58.9003564]},"properties":{"kind":"rock","waterLevel":"submerged","name":null}},{"type":"Feature","geometry":{"type":"Point","coordinates":[17.9795802,58.9005252]},"properties":{"kind":"rock","waterLevel":"submerged","name":null}},{"type":"Feature","geometry":{"type":"Point","coordinates":[17.9807062,58.9008844]},"properties":{"kind":"rock","waterLevel":"submerged","name":null}},{"type":"Feature","geometry":{"type":"Point","coordinates":[17.9808307,58.9009433]},"properties":{"kind":"rock","waterLevel":"submerged","name":null}},{"type":"Feature","geometry":{"type":"Point","coordinates":[17.9806751,58.901013]},"properties":{"kind":"rock","waterLevel":"submerged","name":null}},{"type":"Feature","geometry":{"type":"Point","coordinates":[17.9803897,58.9009192]},"properties":{"kind":"rock","waterLevel":"submerged","name":null}},{"type":"Feature","geometry":{"type":"Point","coordinates":[17.9796892,58.9015249]},"properties":{"kind":"rock","waterLevel":"submerged","name":null}},{"type":"Feature","geometry":{"type":"Point","coordinates":[17.9819288,58.9081706]},"properties":{"kind":"rock","waterLevel":"awash","name":null}},{"type":"Feature","geometry":{"type":"Point","coordinates":[17.9836147,58.9105533]},"properties":{"kind":"rock","waterLevel":"awash","name":null}},{"type":"Feature","geometry":{"type":"Point","coordinates":[17.9731455,58.9094178]},"properties":{"kind":"rock","waterLevel":"submerged","name":null}},{"type":"Feature","geometry":{"type":"Point","coordinates":[17.9730819,58.9094712]},"properties":{"kind":"rock","waterLevel":"submerged","name":null}},{"type":"Feature","geometry":{"type":"Point","coordinates":[17.958331,58.8944231]},"properties":{"kind":"rock","waterLevel":"awash","name":null}},{"type":"Feature","geometry":{"type":"Point","coordinates":[17.9582885,58.8943382]},"properties":{"kind":"rock","waterLevel":"awash","name":null}},{"type":"Feature","geometry":{"type":"Point","coordinates":[17.9584158,58.8945273]},"properties":{"kind":"rock","waterLevel":"submerged","name":null}},{"type":"Feature","geometry":{"type":"Point","coordinates":[17.9561271,58.8908905]},"properties":{"kind":"rock","waterLevel":"awash","name":null}},{"type":"Feature","geometry":{"type":"Point","coordinates":[17.956139,58.8907877]},"properties":{"kind":"rock","waterLevel":"awash","name":null}},{"type":"Feature","geometry":{"type":"Point","coordinates":[17.9524573,58.8894576]},"properties":{"kind":"rock","waterLevel":"submerged","name":null}},{"type":"Feature","geometry":{"type":"Point","coordinates":[17.9528234,58.889684]},"properties":{"kind":"rock","waterLevel":"submerged","name":null}},{"type":"Feature","geometry":{"type":"Point","coordinates":[17.9347866,58.8781741]},"properties":{"kind":"rock","waterLevel":"submerged","name":null}},{"type":"Feature","geometry":{"type":"Point","coordinates":[17.934675,58.8779435]},"properties":{"kind":"rock","waterLevel":"submerged","name":null}},{"type":"Feature","geometry":{"type":"Point","coordinates":[17.9350096,58.8778859]},"properties":{"kind":"rock","waterLevel":"submerged","name":null}},{"type":"Feature","geometry":{"type":"Point","coordinates":[17.9366269,58.8780268]},"properties":{"kind":"rock","waterLevel":"submerged","name":null}},{"type":"Feature","geometry":{"type":"Point","coordinates":[17.9349105,58.8786961]},"properties":{"kind":"rock","waterLevel":"submerged","name":null}},{"type":"Feature","geometry":{"type":"Point","coordinates":[17.9344643,58.8785392]},"properties":{"kind":"rock","waterLevel":"submerged","name":null}},{"type":"Feature","geometry":{"type":"Point","coordinates":[17.9328905,58.8774887]},"properties":{"kind":"rock","waterLevel":"submerged","name":null}},{"type":"Feature","geometry":{"type":"Point","coordinates":[17.9313538,58.8777321]},"properties":{"kind":"rock","waterLevel":"submerged","name":null}},{"type":"Feature","geometry":{"type":"Point","coordinates":[17.9342694,58.8695433]},"properties":{"kind":"rock","waterLevel":"submerged","name":null}},{"type":"Feature","geometry":{"type":"Point","coordinates":[17.9316629,58.867341]},"properties":{"kind":"rock","waterLevel":"awash","name":null}},{"type":"Feature","geometry":{"type":"Point","coordinates":[17.9295691,58.869503]},"properties":{"kind":"rock","waterLevel":"awash","name":null}},{"type":"Feature","geometry":{"type":"Point","coordinates":[17.9293505,58.8695167]},"properties":{"kind":"rock","waterLevel":"submerged","name":null}},{"type":"Feature","geometry":{"type":"Point","coordinates":[17.9326427,58.8711891]},"properties":{"kind":"rock","waterLevel":"submerged","name":null}},{"type":"Feature","geometry":{"type":"Point","coordinates":[17.9325242,58.8709985]},"properties":{"kind":"rock","waterLevel":"submerged","name":null}},{"type":"Feature","geometry":{"type":"Point","coordinates":[17.9274619,58.8657985]},"properties":{"kind":"rock","waterLevel":"awash","name":null}},{"type":"Feature","geometry":{"type":"Point","coordinates":[17.9265278,58.8656066]},"properties":{"kind":"rock","waterLevel":"awash","name":null}},{"type":"Feature","geometry":{"type":"Point","coordinates":[17.9231463,58.8578955]},"properties":{"kind":"rock","waterLevel":"awash","name":null}},{"type":"Feature","geometry":{"type":"Point","coordinates":[17.9388032,58.8487159]},"properties":{"kind":"rock","waterLevel":"submerged","name":null}},{"type":"Feature","geometry":{"type":"Point","coordinates":[17.939464,58.8462274]},"properties":{"kind":"rock","waterLevel":"submerged","name":null}},{"type":"Feature","geometry":{"type":"Point","coordinates":[17.9387993,58.846282]},"properties":{"kind":"rock","waterLevel":"submerged","name":null}},{"type":"Feature","geometry":{"type":"Point","coordinates":[17.9386301,58.8359203]},"properties":{"kind":"rock","waterLevel":"submerged","name":null}},{"type":"Feature","geometry":{"type":"Point","coordinates":[17.9769167,58.8565667]},"properties":{"kind":"rock","waterLevel":"submerged","name":"Gårdgrund"}},{"type":"Feature","geometry":{"type":"Point","coordinates":[18.9122,59.58405]},"properties":{"kind":"rock","waterLevel":"submerged","name":null}},{"type":"Feature","geometry":{"type":"Point","coordinates":[18.9119833,59.5833833]},"properties":{"kind":"rock","waterLevel":"awash","name":null}},{"type":"Feature","geometry":{"type":"Point","coordinates":[18.3451833,59.4236667]},"properties":{"kind":"rock","waterLevel":"submerged","name":null}},{"type":"Feature","geometry":{"type":"Point","coordinates":[17.7653601,59.3983566]},"properties":{"kind":"wreck","waterLevel":null,"name":null}},{"type":"Feature","geometry":{"type":"Point","coordinates":[19.8833872,60.0322067]},"properties":{"kind":"obstruction","waterLevel":null,"name":null}},{"type":"Feature","geometry":{"type":"Point","coordinates":[19.9008602,60.0192725]},"properties":{"kind":"obstruction","waterLevel":null,"name":null}},{"type":"Feature","geometry":{"type":"Point","coordinates":[19.9017299,60.0199403]},"properties":{"kind":"obstruction","waterLevel":null,"name":null}},{"type":"Feature","geometry":{"type":"Point","coordinates":[19.8872049,60.0283644]},"properties":{"kind":"obstruction","waterLevel":null,"name":null}},{"type":"Feature","geometry":{"type":"Point","coordinates":[18.6494932,59.4023158]},"properties":{"kind":"rock","waterLevel":"covers","name":null}},{"type":"Feature","geometry":{"type":"Point","coordinates":[18.6495247,59.4022482]},"properties":{"kind":"rock","waterLevel":"covers","name":null}},{"type":"Feature","geometry":{"type":"Point","coordinates":[19.9100036,60.0901178]},"properties":{"kind":"obstruction","waterLevel":null,"name":null}},{"type":"Feature","geometry":{"type":"Point","coordinates":[19.9094623,60.0899046]},"properties":{"kind":"obstruction","waterLevel":null,"name":null}},{"type":"Feature","geometry":{"type":"Point","coordinates":[19.107039,59.7359192]},"properties":{"kind":"obstruction","waterLevel":null,"name":null}},{"type":"Feature","geometry":{"type":"Point","coordinates":[19.9218962,59.8329664]},"properties":{"kind":"obstruction","waterLevel":null,"name":null}},{"type":"Feature","geometry":{"type":"Point","coordinates":[19.9285477,59.8334958]},"properties":{"kind":"obstruction","waterLevel":null,"name":null}},{"type":"Feature","geometry":{"type":"Point","coordinates":[19.95247,59.8434702]},"properties":{"kind":"obstruction","waterLevel":null,"name":null}},{"type":"Feature","geometry":{"type":"Point","coordinates":[19.9265435,59.8341369]},"properties":{"kind":"obstruction","waterLevel":null,"name":null}},{"type":"Feature","geometry":{"type":"Point","coordinates":[19.9281272,59.832244]},"properties":{"kind":"obstruction","waterLevel":null,"name":null}},{"type":"Feature","geometry":{"type":"Point","coordinates":[19.9266443,59.832786]},"properties":{"kind":"obstruction","waterLevel":null,"name":null}},{"type":"Feature","geometry":{"type":"Point","coordinates":[19.9223727,59.8330263]},"properties":{"kind":"obstruction","waterLevel":null,"name":null}},{"type":"Feature","geometry":{"type":"Point","coordinates":[19.9296263,59.8333898]},"properties":{"kind":"obstruction","waterLevel":null,"name":null}},{"type":"Feature","geometry":{"type":"Point","coordinates":[19.9281495,59.8340178]},"properties":{"kind":"obstruction","waterLevel":null,"name":null}},{"type":"Feature","geometry":{"type":"Point","coordinates":[19.9336231,59.8346109]},"properties":{"kind":"obstruction","waterLevel":null,"name":null}},{"type":"Feature","geometry":{"type":"Point","coordinates":[18.8134386,59.6380148]},"properties":{"kind":"obstruction","waterLevel":null,"name":null}},{"type":"Feature","geometry":{"type":"Point","coordinates":[19.4771884,59.5234102]},"properties":{"kind":"rock","waterLevel":null,"name":null}},{"type":"Feature","geometry":{"type":"Point","coordinates":[19.3934439,59.7740212]},"properties":{"kind":"rock","waterLevel":null,"name":null}},{"type":"Feature","geometry":{"type":"Point","coordinates":[19.9245644,59.8326934]},"properties":{"kind":"obstruction","waterLevel":null,"name":null}},{"type":"Feature","geometry":{"type":"Point","coordinates":[19.9279122,59.8328277]},"properties":{"kind":"obstruction","waterLevel":null,"name":null}},{"type":"Feature","geometry":{"type":"Point","coordinates":[20.194936,59.925462]},"properties":{"kind":"obstruction","waterLevel":null,"name":null}},{"type":"Feature","geometry":{"type":"Point","coordinates":[20.1998485,59.9256909]},"properties":{"kind":"obstruction","waterLevel":null,"name":null}},{"type":"Feature","geometry":{"type":"Point","coordinates":[19.000304,59.7986514]},"properties":{"kind":"rock","waterLevel":"submerged","name":null}},{"type":"Feature","geometry":{"type":"Point","coordinates":[19.0427969,59.8089662]},"properties":{"kind":"rock","waterLevel":"awash","name":null}},{"type":"Feature","geometry":{"type":"Point","coordinates":[18.7192032,59.7582741]},"properties":{"kind":"obstruction","waterLevel":null,"name":null}},{"type":"Feature","geometry":{"type":"Point","coordinates":[19.9933818,60.027507]},"properties":{"kind":"obstruction","waterLevel":null,"name":null}},{"type":"Feature","geometry":{"type":"Point","coordinates":[19.8854028,60.0557416]},"properties":{"kind":"obstruction","waterLevel":null,"name":null}},{"type":"Feature","geometry":{"type":"Point","coordinates":[19.8659943,60.058525]},"properties":{"kind":"obstruction","waterLevel":null,"name":null}},{"type":"Feature","geometry":{"type":"Point","coordinates":[19.8702792,60.030813]},"properties":{"kind":"obstruction","waterLevel":null,"name":null}},{"type":"Feature","geometry":{"type":"Point","coordinates":[19.8733844,60.0252139]},"properties":{"kind":"obstruction","waterLevel":null,"name":null}},{"type":"Feature","geometry":{"type":"Point","coordinates":[19.8834763,60.0212812]},"properties":{"kind":"obstruction","waterLevel":null,"name":null}},{"type":"Feature","geometry":{"type":"Point","coordinates":[19.9724458,59.9686402]},"properties":{"kind":"obstruction","waterLevel":null,"name":null}},{"type":"Feature","geometry":{"type":"Point","coordinates":[19.934565,59.9903326]},"properties":{"kind":"obstruction","waterLevel":null,"name":null}},{"type":"Feature","geometry":{"type":"Point","coordinates":[19.9522521,59.9992704]},"properties":{"kind":"obstruction","waterLevel":null,"name":null}},{"type":"Feature","geometry":{"type":"Point","coordinates":[19.9511303,59.999137]},"properties":{"kind":"obstruction","waterLevel":null,"name":null}},{"type":"Feature","geometry":{"type":"Point","coordinates":[20.0382216,59.8912526]},"properties":{"kind":"obstruction","waterLevel":null,"name":null}},{"type":"Feature","geometry":{"type":"Point","coordinates":[19.9286762,60.0663223]},"properties":{"kind":"obstruction","waterLevel":null,"name":null}},{"type":"Feature","geometry":{"type":"Point","coordinates":[19.8737966,60.0258189]},"properties":{"kind":"obstruction","waterLevel":null,"name":null}},{"type":"Feature","geometry":{"type":"Point","coordinates":[19.8870349,60.0282603]},"properties":{"kind":"obstruction","waterLevel":null,"name":null}},{"type":"Feature","geometry":{"type":"Point","coordinates":[19.8877688,60.0286811]},"properties":{"kind":"obstruction","waterLevel":null,"name":null}},{"type":"Feature","geometry":{"type":"Point","coordinates":[20.1945528,59.9256535]},"properties":{"kind":"obstruction","waterLevel":null,"name":null}},{"type":"Feature","geometry":{"type":"Point","coordinates":[19.9258282,59.8323028]},"properties":{"kind":"obstruction","waterLevel":null,"name":null}},{"type":"Feature","geometry":{"type":"Point","coordinates":[20.1769391,59.9295752]},"properties":{"kind":"obstruction","waterLevel":null,"name":null}},{"type":"Feature","geometry":{"type":"Point","coordinates":[19.9948426,60.010642]},"properties":{"kind":"obstruction","waterLevel":null,"name":null}},{"type":"Feature","geometry":{"type":"Point","coordinates":[20.028339,60.0088327]},"properties":{"kind":"obstruction","waterLevel":null,"name":null}},{"type":"Feature","geometry":{"type":"Point","coordinates":[20.0283461,60.00873]},"properties":{"kind":"obstruction","waterLevel":null,"name":null}},{"type":"Feature","geometry":{"type":"Point","coordinates":[20.0285684,60.0087125]},"properties":{"kind":"obstruction","waterLevel":null,"name":null}},{"type":"Feature","geometry":{"type":"Point","coordinates":[20.0320642,60.0070672]},"properties":{"kind":"obstruction","waterLevel":null,"name":null}},{"type":"Feature","geometry":{"type":"Point","coordinates":[20.0360722,60.008555]},"properties":{"kind":"obstruction","waterLevel":null,"name":null}},{"type":"Feature","geometry":{"type":"Point","coordinates":[20.0887786,59.9915493]},"properties":{"kind":"obstruction","waterLevel":null,"name":null}},{"type":"Feature","geometry":{"type":"Point","coordinates":[19.9647539,60.0227454]},"properties":{"kind":"obstruction","waterLevel":null,"name":null}},{"type":"Feature","geometry":{"type":"Point","coordinates":[19.9257581,60.0302926]},"properties":{"kind":"obstruction","waterLevel":null,"name":null}},{"type":"Feature","geometry":{"type":"Point","coordinates":[19.9252473,60.0309217]},"properties":{"kind":"obstruction","waterLevel":null,"name":null}},{"type":"Feature","geometry":{"type":"Point","coordinates":[19.9535192,60.1118019]},"properties":{"kind":"obstruction","waterLevel":null,"name":null}},{"type":"Feature","geometry":{"type":"Point","coordinates":[19.9296803,59.8381754]},"properties":{"kind":"obstruction","waterLevel":null,"name":null}},{"type":"Feature","geometry":{"type":"Point","coordinates":[19.5704291,60.1434937]},"properties":{"kind":"obstruction","waterLevel":null,"name":null}},{"type":"Feature","geometry":{"type":"Point","coordinates":[19.9274263,59.8389562]},"properties":{"kind":"obstruction","waterLevel":null,"name":null}},{"type":"Feature","geometry":{"type":"Point","coordinates":[19.9250531,59.8395401]},"properties":{"kind":"obstruction","waterLevel":null,"name":null}},{"type":"Feature","geometry":{"type":"Point","coordinates":[19.9340511,59.8346887]},"properties":{"kind":"obstruction","waterLevel":null,"name":null}},{"type":"Feature","geometry":{"type":"Point","coordinates":[19.9280003,59.8334002]},"properties":{"kind":"obstruction","waterLevel":null,"name":null}},{"type":"Feature","geometry":{"type":"Point","coordinates":[19.9284532,59.8334797]},"properties":{"kind":"obstruction","waterLevel":null,"name":null}},{"type":"Feature","geometry":{"type":"Point","coordinates":[19.9277371,59.8334515]},"properties":{"kind":"obstruction","waterLevel":null,"name":null}},{"type":"Feature","geometry":{"type":"Point","coordinates":[19.9272197,59.8335697]},"properties":{"kind":"obstruction","waterLevel":null,"name":null}},{"type":"Feature","geometry":{"type":"Point","coordinates":[19.9220229,59.8330152]},"properties":{"kind":"obstruction","waterLevel":null,"name":null}},{"type":"Feature","geometry":{"type":"Point","coordinates":[19.9263319,59.8327276]},"properties":{"kind":"obstruction","waterLevel":null,"name":null}},{"type":"Feature","geometry":{"type":"Point","coordinates":[18.2923035,59.4210679]},"properties":{"kind":"rock","waterLevel":null,"name":null}},{"type":"Feature","geometry":{"type":"Point","coordinates":[18.3194212,59.4128293]},"properties":{"kind":"rock","waterLevel":null,"name":null}},{"type":"Feature","geometry":{"type":"Point","coordinates":[18.3201318,59.4132065]},"properties":{"kind":"rock","waterLevel":null,"name":null}},{"type":"Feature","geometry":{"type":"Point","coordinates":[18.0873284,59.322983]},"properties":{"kind":"wreck","waterLevel":null,"name":null}}]}